{"words_result": [{"probability": {"average": 0.9994935989, "min": 0.9989992976, "variance": 2.443632638e-07}, "words": "关闭", "location": {"top": 37, "left": 153, "width": 108, "height": 57}}], "words_result_num": 1, "log_id": 1776914987465267682}