{"words_result": [{"probability": {"average": 0.9999301434, "min": 0.9998905659, "variance": 1.990628107e-09}, "words": "ÎÞ·þÎñ", "location": {"top": 5, "left": 11, "width": 75, "height": 27}}, {"probability": {"average": 0.9693285227, "min": 0.8483281136, "variance": 0.003660438117}, "words": "00:30", "location": {"top": 6, "left": 341, "width": 71, "height": 25}}, {"probability": {"average": 0.8548243642, "min": 0.4524702728, "variance": 0.04175040498}, "words": 