{"words_result": [{"probability": {"average": 0.9988372922, "min": 0.9977942705, "variance": 1.087894248e-06}, "words": "允许", "location": {"top": 20, "left": 91, "width": 70, "height": 35}}], "words_result_num": 1, "log_id": 1789199053996982064}