{"words_result": [{"probability": {"average": 0.9999930263, "min": 0.9999895096, "variance": 1.236699632e-11}, "words": "我的", "location": {"top": 58, "left": 20, "width": 39, "height": 21}}], "words_result_num": 1, "log_id": 1789178118742171846}