{"words_result": [{"probability": {"average": 0.9990794659, "min": 0.9981746674, "variance": 8.186603395e-07}, "words": "好评", "location": {"top": 0, "left": 0, "width": 65, "height": 39}}], "words_result_num": 1, "log_id": 1789199652118076380}