{"words_result": [{"probability": {"average": 0.9965395927, "min": 0.9931221604, "variance": 1.167863957e-05}, "words": "关闭", "location": {"top": 49, "left": 168, "width": 94, "height": 51}}], "words_result_num": 1, "log_id": 1776914982081828351}