{"words_result": [{"probability": {"average": 0.9996932745, "min": 0.9989793897, "variance": 1.728481891e-07}, "words": "微信支付", "location": {"top": 26, "left": 70, "width": 125, "height": 31}}, {"probability": {"average": 0.9983250499, "min": 0.9967364669, "variance": 1.579832769e-06}, "words": "无优惠", "location": {"top": 34, "left": 495, "width": 72, "height": 24}}], "words_result_num": 2, "log_id": 1789035587197222261}