{"words_result": [{"probability": {"average": 0.9705927372, "min": 0.8841785789, "variance": 0.002489222912}, "words": "三写文字", "location": {"top": 14, "left": 11, "width": 149, "height": 40}}], "words_result_num": 1, "log_id": 1789520199842003918}