{"words_result": [{"probability": {"average": 0.9915858507, "min": 0.9666081071, "variance": 0.0002079675032}, "words": "我的V金", "location": {"top": 14, "left": 23, "width": 169, "height": 45}}, {"probability": {"average": 0.8072121143, "min": 0.4984701872, "variance": 0.04853362963}, "words": "09>", "location": {"top": 9, "left": 760, "width": 161, "height": 53}}], "words_result_num": 2, "log_id": 1776875104362351039}