{"words_result": [{"probability": {"average": 0.9998915195, "min": 0.9997879863, "variance": 6.762250759e-09}, "words": "ÎÞ·þÎñ", "location": {"top": 5, "left": 11, "width": 75, "height": 27}}, {"probability": {"average": 0.9822616577, "min": 0.9120636582, "variance": 0.001231948612}, "words": "01:05", "location": {"top": 6, "left": 343, "width": 67, "height": 25}}, {"probability": {"average": 0.5163118839, "min": 0.5163118839, "variance": 0}, "words": "@", "location": {"top": 8, "left": 592, "width": 22, "height": 20}}, {"probability": {"average": 0.9403944016, "min": 0.8434095383, "variance": 0.005290304776}, "words": 