{"words_result": [{"probability": {"average": 0.9999525547, "min": 0.9998517036, "variance": 3.482874433e-09}, "words": "¡¢º¥ π”√", "location": {"top": 21, "left": 43, "width": 141, "height": 37}}], "words_result_num": 1, "log_id": 1776883244399666880}