{"words_result": [{"probability": {"average": 0.999989152, "min": 0.9999816418, "variance": 5.640288236e-11}, "words": "通知", "location": {"top": 14, "left": 14, "width": 70, "height": 38}}], "words_result_num": 1, "log_id": 1789537044550959932}