{"words_result": [{"probability": {"average": 0.6598828435, "min": 0.5500055552, "variance": 0.007068203297}, "words": "●●●", "location": {"top": 35, "left": 19, "width": 27, "height": 8}}], "words_result_num": 1, "log_id": 1776906515641536353}