{"words_result": [{"probability": {"average": 0.999823451, "min": 0.9995056391, "variance": 4.046946245e-08}, "words": "总是允许", "location": {"top": 49, "left": 33, "width": 162, "height": 42}}], "words_result_num": 1, "log_id": 1789059579251041941}