{"words_result": [{"probability": {"average": 0.9914835691, "min": 0.959600389, "variance": 0.0002542100265}, "words": "11:00", "location": {"top": 26, "left": 55, "width": 65, "height": 24}}], "words_result_num": 1, "log_id": 1789066101556616480}