{"words_result": [{"probability": {"average": 0.9977682233, "min": 0.989384234, "variance": 1.461862121e-05}, "words": "Âú99¼õ30", "location": {"top": 9, "left": 1, "width": 172, "height": 39}}], "words_result_num": 1, "log_id": 1789035394435949988}