{"words_result": [{"probability": {"average": 0.9997045994, "min": 0.9994730353, "variance": 5.363570921e-08}, "words": "发现", "location": {"top": 56, "left": 13, "width": 40, "height": 22}}], "words_result_num": 1, "log_id": 1789227691258837305}