{"words_result": [{"probability": {"average": 0.9787275195, "min": 0.9318912029, "variance": 0.0006432485534}, "words": "删除(3)", "location": {"top": 29, "left": 406, "width": 174, "height": 46}}], "words_result_num": 1, "log_id": 1789039455189086708}