{"words_result": [{"probability": {"average": 0.9998345375, "min": 0.9997062087, "variance": 1.647593173e-08}, "words": "Ãæ°ü", "location": {"top": 23, "left": 57, "width": 47, "height": 25}}], "words_result_num": 1, "log_id": 1789173032897229361}