{"words_result": [{"probability": {"average": 0.9998643994, "min": 0.9994685054, "variance": 5.223735755e-08}, "words": "系统通知", "location": {"top": 13, "left": 13, "width": 127, "height": 33}}], "words_result_num": 1, "log_id": 1789538467813725655}