{"words_result": [{"probability": {"average": 0.9999936819, "min": 0.9999918938, "variance": 3.197442311e-12}, "words": "保存", "location": {"top": 13, "left": 15, "width": 62, "height": 34}}], "words_result_num": 1, "log_id": 1789065942254332470}