{"words_result": [{"probability": {"average": 0.9978789091, "min": 0.9946084023, "variance": 3.92028187e-06}, "words": "3s跳过", "location": {"top": 15, "left": 24, "width": 76, "height": 24}}], "words_result_num": 1, "log_id": 1789063193640452502}