{"words_result": [{"probability": {"average": 0.9932117462, "min": 0.9890013933, "variance": 2.21899536e-05}, "words": "去主持", "location": {"top": 47, "left": 60, "width": 125, "height": 45}}], "words_result_num": 1, "log_id": 1776913938400566242}