{"words_result": [{"probability": {"average": 0.9945970774, "min": 0.9600197077, "variance": 0.0001710865035}, "words": "3J级智利车厘子", "location": {"top": 12, "left": 10, "width": 202, "height": 26}}, {"probability": {"average": 0.9929662943, "min": 0.9337922931, "variance": 0.0003190739953}, "words": "250g(果径30-32mm)", "location": {"top": 45, "left": 9, "width": 279, "height": 29}}, {"probability": {"average": 0.999139607, "min": 0.9968990088, "variance": 1.311303549e-06}, "words": "￥59.9", "location": {"top": 92, "left": 8, "width": 92, "height": 28}}], "words_result_num": 3, "log_id": 1789201547213700610}