{"words_result": [{"probability": {"average": 0.9997720122, "min": 0.9996284246, "variance": 2.061739579e-08}, "words": "完成", "location": {"top": 24, "left": 28, "width": 100, "height": 51}}], "words_result_num": 1, "log_id": 1776914054330645001}