{"words_result": [{"probability": {"average": 0.9929935336, "min": 0.9465160966, "variance": 0.0003087483055}, "words": "500ml*2瓶", "location": {"top": 21, "left": 34, "width": 139, "height": 27}}], "words_result_num": 1, "log_id": 1776881399571262523}