{"words_result": [{"probability": {"average": 0.999822855, "min": 0.9997429252, "variance": 6.384015094e-09}, "words": "È¡Ïû", "location": {"top": 42, "left": 434, "width": 109, "height": 53}}], "words_result_num": 1, "log_id": 1776911742245569329}