{"words_result": [{"probability": {"average": 0.5421304107, "min": 0.5421304107, "variance": 0}, "words": "BFF", "location": {"top": 39, "left": 55, "width": 86, "height": 41}}, {"probability": {"average": 0.999895215, "min": 0.9996418953, "variance": 2.145609912e-08}, "words": "小食分享", "location": {"top": 152, "left": 39, "width": 119, "height": 32}}], "words_result_num": 2, "log_id": 1772961861949156784}