{"words_result": [{"probability": {"average": 0.9973123074, "min": 0.9949281216, "variance": 5.684341886e-06}, "words": "好友", "location": {"top": 12, "left": 12, "width": 74, "height": 40}}], "words_result_num": 1, "log_id": 1789539969732565050}