{"words_result": [{"probability": {"average": 0.9999354482, "min": 0.9998790026, "variance": 1.638950864e-09}, "words": "ÎÞ·þÎñ", "location": {"top": 5, "left": 11, "width": 74, "height": 27}}, {"probability": {"average": 0.9809952974, "min": 0.9055861831, "variance": 0.00142166554}, "words": "23:30", "location": {"top": 6, "left": 340, "width": 71, "height": 25}}, {"probability": {"average": 0.6257655621, "min": 0.6257655621, "variance": 0}, "words": "@", "location": {"top": 8, "left": 577, "width": 20, "height": 20}}, {"probability": {"average": 0.8614194989, "min": 0.4433855414, "variance": 0.04640994221}, "words": 