{"words_result": [{"probability": {"average": 0.8920452595, "min": 0.7342008352, "variance": 0.009901311249}, "words": "童装首夏", "location": {"top": 30, "left": 24, "width": 104, "height": 26}}], "words_result_num": 1, "log_id": 1776893608175041248}