{"words_result": [{"probability": {"average": 0.999315083, "min": 0.9982495904, "variance": 5.715419888e-07}, "words": "ÓªÒµÖÐ", "location": {"top": 25, "left": 46, "width": 73, "height": 27}}], "words_result_num": 1, "log_id": 1789064918302310963}