{"words_result": [{"probability": {"average": 0.9983166456, "min": 0.996701777, "variance": 2.607896931e-06}, "words": "回复", "location": {"top": 7, "left": 15, "width": 91, "height": 51}}], "words_result_num": 1, "log_id": 1776908820966483752}