{"words_result": [{"probability": {"average": 0.9980010986, "min": 0.9960070252, "variance": 3.976209882e-06}, "words": "回复", "location": {"top": 0, "left": 18, "width": 91, "height": 50}}], "words_result_num": 1, "log_id": 1776909408131895274}