{"words_result": [{"probability": {"average": 0.9791938663, "min": 0.9376789331, "variance": 0.000861745968}, "words": "“— ’≤ÿ", "location": {"top": 73, "left": 11, "width": 89, "height": 32}}], "words_result_num": 1, "log_id": 1789171114261687952}