{"words_result": [{"probability": {"average": 0.9800343513, "min": 0.9202009439, "variance": 0.001193346805}, "words": "ÎÞ·þÎñÁî", "location": {"top": 5, "left": 11, "width": 111, "height": 26}}, {"probability": {"average": 0.9948558807, "min": 0.974317193, "variance": 0.0001054596723}, "words": "23:35", "location": {"top": 6, "left": 343, "width": 70, "height": 25}}, {"probability": {"average": 0.9113957882, "min": 0.9113957882, "variance": 0}, "words": "@", "location": {"top": 4, "left": 573, "width": 28, "height": 27}}, {"probability": {"average": 0.867901206, "min": 0.5569829345, "variance": 0.03120454215}, "words": 