{"words_result": [{"probability": {"average": 0.9996707439, "min": 0.9989571571, "variance": 1.718885869e-07}, "words": "我知道了", "location": {"top": 34, "left": 242, "width": 153, "height": 37}}], "words_result_num": 1, "log_id": 1789065931775117528}