{"words_result": [{"probability": {"average": 0.9997506142, "min": 0.9992677569, "variance": 7.410474723e-08}, "words": "快速开启定位", "location": {"top": 39, "left": 60, "width": 170, "height": 27}}], "words_result_num": 1, "log_id": 1788954923925758983}