{"words_result": [{"probability": {"average": 0.9994018078, "min": 0.9987342954, "variance": 2.156002239e-07}, "words": "添加朋友", "location": {"top": 11, "left": 15, "width": 180, "height": 47}}], "words_result_num": 1, "log_id": 1789540117616428955}