{"words_result": [{"probability": {"average": 0.9989129305, "min": 0.9978865981, "variance": 1.053419282e-06}, "words": "21", "location": {"top": 10, "left": 36, "width": 28, "height": 21}}], "words_result_num": 1, "log_id": 1789171270121785011}