{"words_result": [{"probability": {"average": 0.9998916984, "min": 0.999887228, "variance": 1.998401444e-11}, "words": "好友", "location": {"top": 18, "left": 15, "width": 73, "height": 39}}], "words_result_num": 1, "log_id": 1789536931556992994}