{"words_result": [{"probability": {"average": 0.9720109701, "min": 0.7805125713, "variance": 0.005240144208}, "words": "使用个人会议号①", "location": {"top": 44, "left": 29, "width": 390, "height": 44}}], "words_result_num": 1, "log_id": 1776910556125492235}