{"words_result": [{"probability": {"average": 0.9782680273, "min": 0.6980679631, "variance": 0.005259368103}, "words": "手作肉多多小花卷300g（盒马工", "location": {"top": 16, "left": 18, "width": 408, "height": 29}}, {"probability": {"average": 0.9342125654, "min": 0.8685743213, "variance": 0.00430837553}, "words": "坊)", "location": {"top": 44, "left": 14, "width": 45, "height": 32}}], "words_result_num": 2, "log_id": 1789171392678803041}