{"words_result": [{"probability": {"average": 0.9801363945, "min": 0.948692143, "variance": 0.0005052111228}, "words": "0/4", "location": {"top": 33, "left": 33, "width": 67, "height": 41}}, {"probability": {"average": 0.9726817012, "min": 0.6812537909, "variance": 0.007721973117}, "words": "差4积点可兑换中杯奶铁>", "location": {"top": 93, "left": 31, "width": 248, "height": 22}}], "words_result_num": 2, "log_id": 1776677237366509911}