{"words_result": [{"probability": {"average": 0.8898641467, "min": 0.4511528015, "variance": 0.04811707884}, "words": "出福利消息", "location": {"top": 17, "left": 27, "width": 251, "height": 58}}], "words_result_num": 1, "log_id": 1776913619976338894}