{"words_result": [{"probability": {"average": 0.9982309341, "min": 0.9979187846, "variance": 9.745593132e-08}, "words": "好友", "location": {"top": 9, "left": 10, "width": 75, "height": 40}}], "words_result_num": 1, "log_id": 1789520500523558418}