{"words_result": [{"probability": {"average": 0.9845434427, "min": 0.9313073158, "variance": 0.0007137571229}, "words": "11:00", "location": {"top": 44, "left": 69, "width": 100, "height": 31}}], "words_result_num": 1, "log_id": 1789066092880524964}