{"words_result": [{"probability": {"average": 0.9912589788, "min": 0.9657712579, "variance": 0.0002165546175}, "words": "查看更多", "location": {"top": 20, "left": 30, "width": 121, "height": 30}}], "words_result_num": 1, "log_id": 1789180875771189471}