{"words_result": [{"probability": {"average": 0.9805452228, "min": 0.9222658277, "variance": 0.001132164849}, "words": "ÎÞ·þÎñÁî", "location": {"top": 5, "left": 11, "width": 113, "height": 26}}, {"probability": {"average": 0.9851757288, "min": 0.9280290008, "variance": 0.0008165183244}, "words": "01:02", "location": {"top": 6, "left": 343, "width": 68, "height": 25}}, {"probability": {"average": 0.6083148122, "min": 0.6083148122, "variance": 0}, "words": "@", "location": {"top": 8, "left": 594, "width": 36, "height": 21}}, {"probability": {"average": 0.9071236849, "min": 0.6289812922, "variance": 0.02578772604}, "words": 