{"words_result": [{"probability": {"average": 0.9999970198, "min": 0.9999958277, "variance": 1.421085472e-12}, "words": "确定", "location": {"top": 16, "left": 28, "width": 69, "height": 35}}], "words_result_num": 1, "log_id": 1789063423458689085}