{"words_result": [{"probability": {"average": 0.9993321896, "min": 0.998065412, "variance": 8.025050988e-07}, "words": "–¬≈Û”—", "location": {"top": 19, "left": 14, "width": 98, "height": 34}}], "words_result_num": 1, "log_id": 1789537134260024467}