{"words_result": [{"probability": {"average": 0.9998930693, "min": 0.9998179078, "variance": 5.653726376e-09}, "words": "朋友", "location": {"top": 19, "left": 17, "width": 104, "height": 55}}], "words_result_num": 1, "log_id": 1789537203090757772}