{"words_result": [{"probability": {"average": 0.9996610284, "min": 0.9994077682, "variance": 6.414069276e-08}, "words": "完成", "location": {"top": 24, "left": 29, "width": 94, "height": 50}}], "words_result_num": 1, "log_id": 1776914060824218436}