{"words_result": [{"probability": {"average": 0.9997302294, "min": 0.9996001124, "variance": 1.693817531e-08}, "words": "预约", "location": {"top": 26, "left": 82, "width": 66, "height": 33}}], "words_result_num": 1, "log_id": 1789066712792874869}