{"words_result": [{"probability": {"average": 0.9999065399, "min": 0.9998111129, "variance": 5.566769268e-09}, "words": "外送到家", "location": {"top": 119, "left": 67, "width": 96, "height": 25}}], "words_result_num": 1, "log_id": 1776876595218073151}