{"words_result": [{"probability": {"average": 0.9995212555, "min": 0.9989950061, "variance": 1.610241469e-07}, "words": "便利店", "location": {"top": 121, "left": 16, "width": 78, "height": 28}}], "words_result_num": 1, "log_id": 1789199161874115315}