{"words_result": [{"probability": {"average": 0.8362250328, "min": 0.7678966522, "variance": 0.002336811041}, "words": "●●●", "location": {"top": 37, "left": 36, "width": 29, "height": 8}}], "words_result_num": 1, "log_id": 1776913008022646941}