{"words_result": [{"probability": {"average": 0.9998768568, "min": 0.9996500015, "variance": 2.008373912e-08}, "words": "确认交易", "location": {"top": 34, "left": 288, "width": 127, "height": 34}}], "words_result_num": 1, "log_id": 1789035647997174876}