{"words_result": [{"probability": {"average": 0.7296072245, "min": 0.7296072245, "variance": 0}, "words": "W", "location": {"top": 26, "left": 64, "width": 32, "height": 16}}, {"probability": {"average": 0.9929948449, "min": 0.9854459763, "variance": 4.721464211e-05}, "words": "我的帳戶", "location": {"top": 89, "left": 13, "width": 129, "height": 34}}], "words_result_num": 2, "log_id": 1776896444847987996}