{"words_result": [{"probability": {"average": 0.9995895028, "min": 0.9992194176, "variance": 1.369630809e-07}, "words": "消息", "location": {"top": 11, "left": 16, "width": 108, "height": 56}}], "words_result_num": 1, "log_id": 1789538361025804635}