{"words_result": [{"probability": {"average": 0.8981537819, "min": 0.6820369363, "variance": 0.02014432847}, "words": "中国移动o同", "location": {"top": 15, "left": 81, "width": 286, "height": 33}}, {"probability": {"average": 0.792656064, "min": 0.2754468322, "variance": 0.06427697092}, "words": 