{"words_result": [{"probability": {"average": 0.9993481636, "min": 0.9989606142, "variance": 1.502176303e-07}, "words": "取消", "location": {"top": 47, "left": 158, "width": 95, "height": 49}}], "words_result_num": 1, "log_id": 1776915310391465194}