{"words_result": [{"probability": {"average": 0.9997291565, "min": 0.9995743632, "variance": 2.397018228e-08}, "words": "媒体", "location": {"top": 1, "left": 7, "width": 61, "height": 33}}], "words_result_num": 1, "log_id": 1776905238928645670}