{"words_result": [{"probability": {"average": 0.9886394739, "min": 0.9071944952, "variance": 0.0006208608975}, "words": "期間限定優惠截至3/14止", "location": {"top": 68, "left": 23, "width": 494, "height": 45}}], "words_result_num": 1, "log_id": 1776895965911894909}