{"words_result": [{"probability": {"average": 0.9998189211, "min": 0.999499321, "variance": 3.468190002e-08}, "words": "人气优先", "location": {"top": 18, "left": 18, "width": 136, "height": 38}}], "words_result_num": 1, "log_id": 1789064757346734069}