{"words_result": [{"probability": {"average": 0.9623495936, "min": 0.9257202148, "variance": 0.001341711381}, "words": "人气", "location": {"top": 8, "left": 13, "width": 53, "height": 36}}, {"probability": {"average": 0.9999512434, "min": 0.9999073744, "variance": 1.924490789e-09}, "words": "热卖", "location": {"top": 33, "left": 13, "width": 52, "height": 29}}], "words_result_num": 2, "log_id": 1776877119745162742}