{"words_result": [{"probability": {"average": 0.999791503, "min": 0.9996401072, "variance": 2.292068757e-08}, "words": "更多", "location": {"top": 106, "left": 35, "width": 58, "height": 35}}], "words_result_num": 1, "log_id": 1776910661295325952}