{"words_result": [{"probability": {"average": 0.999052763, "min": 0.998261869, "variance": 6.255605172e-07}, "words": "预约", "location": {"top": 35, "left": 37, "width": 145, "height": 50}}], "words_result_num": 1, "log_id": 1772961421701069814}