{"words_result": [{"probability": {"average": 0.8137586117, "min": 0.8137586117, "variance": 0}, "words": "三", "location": {"top": 33, "left": 59, "width": 51, "height": 46}}, {"probability": {"average": 0.9363679886, "min": 0.8121854663, "variance": 0.007711539511}, "words": "主選單", "location": {"top": 117, "left": 37, "width": 97, "height": 33}}], "words_result_num": 2, "log_id": 1776892076492861085}