{"words_result": [{"probability": {"average": 0.9663661718, "min": 0.8562095761, "variance": 0.003095284803}, "words": "删除(3)", "location": {"top": 30, "left": 295, "width": 128, "height": 36}}], "words_result_num": 1, "log_id": 1789039472372912110}