{"words_result": [{"probability": {"average": 0.9867737293, "min": 0.9613242745, "variance": 0.0002467476297}, "words": "童装首頁", "location": {"top": 63, "left": 21, "width": 177, "height": 43}}], "words_result_num": 1, "log_id": 1776893614615485341}