{"words_result": [{"probability": {"average": 0.9867062569, "min": 0.9111745358, "variance": 0.0009526323411}, "words": "新品.l售A告", "location": {"top": 29, "left": 22, "width": 183, "height": 28}}], "words_result_num": 1, "log_id": 1776889843114330499}