{"words_result": [{"probability": {"average": 0.999602735, "min": 0.9987496138, "variance": 2.532067072e-07}, "words": "继续删除", "location": {"top": 26, "left": 56, "width": 145, "height": 37}}], "words_result_num": 1, "log_id": 1776677137104293135}