{"words_result": [{"probability": {"average": 0.8796284795, "min": 0.4034563899, "variance": 0.0566855967}, "words": "电影/影院", "location": {"top": 96, "left": 4, "width": 104, "height": 25}}], "words_result_num": 1, "log_id": 1789067242237827348}