{"words_result": [{"probability": {"average": 0.9914318919, "min": 0.9759608507, "variance": 0.0001199281178}, "words": "關注中", "location": {"top": 8, "left": 7, "width": 102, "height": 39}}], "words_result_num": 1, "log_id": 1789521400429582520}