{"words_result": [{"probability": {"average": 0.6696451902, "min": 0.3398622274, "variance": 0.1087568253}, "words": "关注", "location": {"top": 3, "left": 1, "width": 116, "height": 64}}], "words_result_num": 1, "log_id": 1789521373473983154}