{"words_result": [{"probability": {"average": 0.9998534918, "min": 0.9997474551, "variance": 1.125009597e-08}, "words": "消息", "location": {"top": 16, "left": 18, "width": 108, "height": 56}}], "words_result_num": 1, "log_id": 1789521863469125072}