{"words_result": [{"probability": {"average": 0.9423043728, "min": 0.8846093416, "variance": 0.003328716615}, "words": "¹ºÆ±", "location": {"top": 21, "left": 30, "width": 62, "height": 31}}], "words_result_num": 1, "log_id": 1789067510957672698}