{"words_result": [{"probability": {"average": 0.9993844032, "min": 0.9990172386, "variance": 1.348317369e-07}, "words": "²é¿´", "location": {"top": 3, "left": 0, "width": 59, "height": 38}}], "words_result_num": 1, "log_id": 1789172702256712628}