{"words_result": [{"probability": {"average": 0.9998253584, "min": 0.9994395375, "variance": 3.994286857e-08}, "words": "电子礼品卡", "location": {"top": 13, "left": 34, "width": 186, "height": 38}}], "words_result_num": 1, "log_id": 1789180291490422989}