{"words_result": [{"probability": {"average": 0.9991596937, "min": 0.9983267188, "variance": 6.937975741e-07}, "words": "同意", "location": {"top": 32, "left": 308, "width": 62, "height": 32}}], "words_result_num": 1, "log_id": 1789058935407398422}