{"words_result": [{"probability": {"average": 0.5112145543, "min": 0.5112145543, "variance": 0}, "words": "三", "location": {"top": 8, "left": 27, "width": 51, "height": 51}}, {"probability": {"average": 0.9887056351, "min": 0.9874671102, "variance": 1.53387009e-06}, "words": "目錄", "location": {"top": 64, "left": 29, "width": 47, "height": 26}}], "words_result_num": 2, "log_id": 1776889632981536201}