{"words_result": [{"probability": {"average": 0.9951344728, "min": 0.9911431074, "variance": 1.593076013e-05}, "words": "删除", "location": {"top": 30, "left": 122, "width": 83, "height": 44}}], "words_result_num": 1, "log_id": 1789178793058018001}