{"words_result": [{"probability": {"average": 0.8711974025, "min": 0.8711974025, "variance": 0}, "words": "●", "location": {"top": 51, "left": 58, "width": 26, "height": 22}}, {"probability": {"average": 0.9995833635, "min": 0.999186933, "variance": 1.571335133e-07}, "words": "更多", "location": {"top": 132, "left": 44, "width": 44, "height": 26}}], "words_result_num": 2, "log_id": 1789067881967453853}