{"words_result": [{"probability": {"average": 0.999700129, "min": 0.9992881417, "variance": 7.931088675e-08}, "words": "15ÔªÆð¿ª¿¨", "location": {"top": 6, "left": 2, "width": 154, "height": 31}}], "words_result_num": 1, "log_id": 1789067426302367645}