{"words_result": [{"probability": {"average": 0.9999043345, "min": 0.9997074008, "variance": 1.341651323e-08}, "words": "重复频率", "location": {"top": 26, "left": 7, "width": 198, "height": 47}}, {"probability": {"average": 0.9239908457, "min": 0.6967163682, "variance": 0.01721796021}, "words": "不重复>", "location": {"top": 25, "left": 758, "width": 214, "height": 48}}], "words_result_num": 2, "log_id": 1776911545954254323}