{"words_result": [{"probability": {"average": 0.9916040897, "min": 0.9833154678, "variance": 6.870125071e-05}, "words": "允许", "location": {"top": 9, "left": 20, "width": 70, "height": 39}}], "words_result_num": 1, "log_id": 1789059434807809995}