{"words_result": [{"probability": {"average": 0.998221755, "min": 0.9936510921, "variance": 6.967748959e-06}, "words": "Ï´Ô¡ÖÐÐÄ", "location": {"top": 36, "left": 68, "width": 115, "height": 30}}], "words_result_num": 1, "log_id": 1789064456389742155}