{"words_result": [{"probability": {"average": 0.9798562527, "min": 0.9194880128, "variance": 0.00121477549}, "words": "ÎÞ·þÎñÁî", "location": {"top": 5, "left": 11, "width": 111, "height": 26}}, {"probability": {"average": 0.9948695302, "min": 0.9743854403, "variance": 0.0001048997365}, "words": "23:35", "location": {"top": 6, "left": 343, "width": 70, "height": 25}}, {"probability": {"average": 0.9112935066, "min": 0.9112935066, "variance": 0}, "words": "@", "location": {"top": 4, "left": 573, "width": 28, "height": 27}}, {"probability": {"average": 0.8860249519, "min": 0.6494852304, "variance": 0.02115092054}, "words": 