{"words_result": [{"probability": {"average": 0.9831669331, "min": 0.9669340253, "variance": 0.0002635063138}, "words": "菜品", "location": {"top": 0, "left": 0, "width": 78, "height": 45}}], "words_result_num": 1, "log_id": 1789059186781873697}