{"words_result": [{"probability": {"average": 0.9992951155, "min": 0.998015523, "variance": 6.355558071e-07}, "words": "£¤21¹ºÂò", "location": {"top": 30, "left": 69, "width": 112, "height": 28}}], "words_result_num": 1, "log_id": 1776674384358183527}