{"words_result": [{"probability": {"average": 0.9922685623, "min": 0.9773873687, "variance": 7.939200441e-05}, "words": "结束休息", "location": {"top": 50, "left": 135, "width": 191, "height": 48}}], "words_result_num": 1, "log_id": 1776910802801300952}