{"words_result": [{"probability": {"average": 0.9609571695, "min": 0.8441853523, "variance": 0.00454523135}, "words": "ÎÞ·þÎñÁî", "location": {"top": 5, "left": 11, "width": 113, "height": 28}}, {"probability": {"average": 0.9943294525, "min": 0.9717024565, "variance": 0.0001279942226}, "words": "23:25", "location": {"top": 6, "left": 343, "width": 70, "height": 25}}, {"probability": {"average": 0.8379976153, "min": 0.50564152, "variance": 0.03472046927}, "words": 