{"words_result": [{"probability": {"average": 0.8712377548, "min": 0.7427685857, "variance": 0.01650432684}, "words": "首頁", "location": {"top": 71, "left": 34, "width": 47, "height": 25}}], "words_result_num": 1, "log_id": 1776893283903099227}