{"words_result": [{"probability": {"average": 0.9979304671, "min": 0.9962620139, "variance": 2.783736136e-06}, "words": "好友", "location": {"top": 15, "left": 15, "width": 68, "height": 35}}], "words_result_num": 1, "log_id": 1789537197273025405}