{"words_result": [{"probability": {"average": 0.9995281696, "min": 0.9991611242, "variance": 1.347223275e-07}, "words": "预约", "location": {"top": 7, "left": 0, "width": 79, "height": 45}}], "words_result_num": 1, "log_id": 1789066721255068196}