{"words_result": [{"probability": {"average": 0.942266643, "min": 0.7964980006, "variance": 0.00711992383}, "words": "女装首頁", "location": {"top": 62, "left": 21, "width": 179, "height": 46}}], "words_result_num": 1, "log_id": 1776896165805135861}