{"words_result": [{"probability": {"average": 0.9996318221, "min": 0.9992726445, "variance": 9.942669976e-08}, "words": "Á¢¼´¹ºÂò", "location": {"top": 25, "left": 42, "width": 97, "height": 24}}], "words_result_num": 1, "log_id": 1789035969111146652}