{"words_result": [{"probability": {"average": 0.9999480844, "min": 0.9999042749, "variance": 9.605246598e-10}, "words": "选规格", "location": {"top": 16, "left": 18, "width": 61, "height": 22}}], "words_result_num": 1, "log_id": 1772961972428172295}