{"words_result": [{"probability": {"average": 0.9994084835, "min": 0.9981341958, "variance": 5.560955856e-07}, "words": "结束会议", "location": {"top": 24, "left": 24, "width": 220, "height": 55}}], "words_result_num": 1, "log_id": 1776910959858104043}