{"words_result": [{"probability": {"average": 0.9543993473, "min": 0.8179157972, "variance": 0.006209251937}, "words": "ÎÞ·þÎñÁî", "location": {"top": 5, "left": 11, "width": 114, "height": 27}}, {"probability": {"average": 0.9973127246, "min": 0.9865853786, "variance": 2.876907274e-05}, "words": "23:34", "location": {"top": 8, "left": 341, "width": 70, "height": 20}}, {"probability": {"average": 0.8202043176, "min": 0.549618125, "variance": 0.04003772512}, "words": 