{"words_result": [{"probability": {"average": 0.9972902536, "min": 0.9906474948, "variance": 1.506322042e-05}, "words": "°ü×ÓÂøÍ·", "location": {"top": 20, "left": 24, "width": 101, "height": 28}}], "words_result_num": 1, "log_id": 1789169625381718185}