{"words_result": [{"probability": {"average": 0.9997500777, "min": 0.9995291233, "variance": 4.882085491e-08}, "words": "跳过", "location": {"top": 4, "left": 0, "width": 69, "height": 43}}], "words_result_num": 1, "log_id": 1789059442323533842}