{"words_result": [{"probability": {"average": 0.9989922047, "min": 0.9981204867, "variance": 7.599441005e-07}, "words": "允许", "location": {"top": 16, "left": 32, "width": 68, "height": 36}}], "words_result_num": 1, "log_id": 1788956144083538759}