{"words_result": [{"probability": {"average": 0.9998606443, "min": 0.9997777343, "variance": 6.869138147e-09}, "words": "通知", "location": {"top": 10, "left": 17, "width": 70, "height": 36}}], "words_result_num": 1, "log_id": 1789520753993276155}