{"words_result": [{"probability": {"average": 0.999951005, "min": 0.9998502731, "variance": 3.492811373e-09}, "words": "立即试用", "location": {"top": 38, "left": 60, "width": 111, "height": 29}}], "words_result_num": 1, "log_id": 1789545034886376108}