{"words_result": [{"probability": {"average": 0.9091356993, "min": 0.2805060744, "variance": 0.05645447597}, "words": "使用个人会议号⑥", "location": {"top": 47, "left": 26, "width": 390, "height": 43}}, {"probability": {"average": 0.5773745775, "min": 0.5773745775, "variance": 0}, "words": "●", "location": {"top": 36, "left": 882, "width": 104, "height": 67}}], "words_result_num": 2, "log_id": 1776910562168235948}