{"words_result": [{"probability": {"average": 0.4161463082, "min": 0.4161463082, "variance": 0}, "words": "9", "location": {"top": 64, "left": 49, "width": 43, "height": 42}}, {"probability": {"average": 0.9999501705, "min": 0.9998904467, "variance": 1.659419269e-09}, "words": "微信支付", "location": {"top": 64, "left": 120, "width": 158, "height": 41}}], "words_result_num": 2, "log_id": 1789035579495281437}