{"words_result": [{"probability": {"average": 0.9999629855, "min": 0.9999330044, "variance": 8.988685352e-10}, "words": "通知", "location": {"top": 12, "left": 11, "width": 72, "height": 37}}], "words_result_num": 1, "log_id": 1789538338723143699}