{"words_result": [{"probability": {"average": 0.9997333884, "min": 0.999484539, "variance": 6.192601631e-08}, "words": "ЭЌвт", "location": {"top": 24, "left": 105, "width": 65, "height": 34}}], "words_result_num": 1, "log_id": 1789169449350918058}