{"words_result": [{"probability": {"average": 0.9998400211, "min": 0.9997258782, "variance": 1.303540564e-08}, "words": "È¡Ïû", "location": {"top": 30, "left": 207, "width": 75, "height": 39}}], "words_result_num": 1, "log_id": 1789172815335004704}