{"words_result": [{"probability": {"average": 0.6355695128, "min": 0.3375683427, "variance": 0.04511272907}, "words": "(×)", "location": {"top": 15, "left": 13, "width": 77, "height": 47}}], "words_result_num": 1, "log_id": 1788956272909654895}