{"words_result": [{"probability": {"average": 0.9999288917, "min": 0.9998927116, "variance": 6.543849906e-10}, "words": "选规格", "location": {"top": 13, "left": 18, "width": 61, "height": 22}}], "words_result_num": 1, "log_id": 1776676703683766449}