{"words_result": [{"probability": {"average": 0.9800991416, "min": 0.8701021671, "variance": 0.002021259163}, "words": "新品.l售A告", "location": {"top": 28, "left": 25, "width": 182, "height": 27}}], "words_result_num": 1, "log_id": 1776889810876531442}