{"words_result": [{"probability": {"average": 0.8768583536, "min": 0.5085285306, "variance": 0.04522243887}, "words": "AI照片", "location": {"top": 78, "left": 11, "width": 110, "height": 43}}], "words_result_num": 1, "log_id": 1789546066348095884}