{"words_result": [{"probability": {"average": 0.9695568681, "min": 0.9695568681, "variance": 0}, "words": "A", "location": {"top": 3, "left": 63, "width": 23, "height": 25}}, {"probability": {"average": 0.9999744892, "min": 0.9999425411, "variance": 5.219457644e-10}, "words": "购物车", "location": {"top": 63, "left": 9, "width": 59, "height": 22}}], "words_result_num": 2, "log_id": 1789182778653798754}