{"words_result": [{"probability": {"average": 0.9875790477, "min": 0.9645558596, "variance": 0.0002652791736}, "words": "²é¿´>", "location": {"top": 26, "left": 26, "width": 72, "height": 27}}], "words_result_num": 1, "log_id": 1789173113499127092}