{"words_result": [{"probability": {"average": 0.976854682, "min": 0.9074931741, "variance": 0.001603673678}, "words": "ÎÞ·þÎñÁî", "location": {"top": 5, "left": 11, "width": 111, "height": 26}}, {"probability": {"average": 0.9835239649, "min": 0.9217063189, "variance": 0.0009556884179}, "words": "01:06", "location": {"top": 6, "left": 343, "width": 68, "height": 25}}, {"probability": {"average": 0.8090181351, "min": 0.8090181351, "variance": 0}, "words": "@", "location": {"top": 8, "left": 561, "width": 23, "height": 20}}, {"probability": {"average": 0.9593251348, "min": 0.8571327329, "variance": 0.003257768461}, "words": 