{"words_result": [{"probability": {"average": 0.9745087028, "min": 0.8982989788, "variance": 0.001935975393}, "words": "ÎÞ·þÎñÁî", "location": {"top": 5, "left": 11, "width": 113, "height": 28}}, {"probability": {"average": 0.9879493713, "min": 0.9398633838, "variance": 0.0005780661595}, "words": "23:32", "location": {"top": 6, "left": 341, "width": 71, "height": 25}}, {"probability": {"average": 0.8694235086, "min": 0.5116574764, "variance": 0.0359948352}, "words": 