{"words_result": [{"probability": {"average": 0.6540119052, "min": 0.6540119052, "variance": 0}, "words": "三", "location": {"top": 9, "left": 29, "width": 50, "height": 49}}, {"probability": {"average": 0.9950181246, "min": 0.9916456342, "variance": 1.137349045e-05}, "words": "目錄", "location": {"top": 63, "left": 31, "width": 46, "height": 26}}], "words_result_num": 2, "log_id": 1776893496521696357}