{"words_result": [{"probability": {"average": 0.9981181622, "min": 0.9920864701, "variance": 7.286964319e-06}, "words": "»»¹ºÂú1¼þ³¬Öµ»»¹º", "location": {"top": 13, "left": 18, "width": 241, "height": 27}}], "words_result_num": 1, "log_id": 1789173148987008331}