{"words_result": [{"probability": {"average": 0.798055768, "min": 0.5742628574, "variance": 0.04106229544}, "words": "香港Hair Cornerl明..", "location": {"top": 12, "left": 14, "width": 285, "height": 30}}], "words_result_num": 1, "log_id": 1789066421546688838}