{"words_result": [{"probability": {"average": 0.9975813627, "min": 0.9917759895, "variance": 1.149250238e-05}, "words": "放弃更改", "location": {"top": 56, "left": 416, "width": 243, "height": 57}}], "words_result_num": 1, "log_id": 1776912457912960497}