{"words_result": [{"probability": {"average": 0.9401314855, "min": 0.9401314855, "variance": 0}, "words": "三", "location": {"top": 32, "left": 68, "width": 51, "height": 46}}, {"probability": {"average": 0.9217557311, "min": 0.7702047229, "variance": 0.01148384809}, "words": "主選單", "location": {"top": 116, "left": 46, "width": 98, "height": 34}}], "words_result_num": 2, "log_id": 1776896072291268360}