{"words_result": [{"probability": {"average": 0.9698524475, "min": 0.9698524475, "variance": 0}, "words": "9", "location": {"top": 67, "left": 16, "width": 34, "height": 35}}], "words_result_num": 1, "log_id": 1776678253968181495}