{"words_result": [{"probability": {"average": 0.9998957515, "min": 0.9997729659, "variance": 7.914444211e-09}, "words": "选规格", "location": {"top": 13, "left": 18, "width": 61, "height": 22}}], "words_result_num": 1, "log_id": 1776678418854489868}