{"words_result": [{"probability": {"average": 0.9979575872, "min": 0.9905413985, "variance": 1.381680522e-05}, "words": "加入购物车", "location": {"top": 31, "left": 220, "width": 139, "height": 26}}], "words_result_num": 1, "log_id": 1789169755205435657}