{"words_result": [{"probability": {"average": 0.222030893, "min": 0.222030893, "variance": 0}, "words": "分", "location": {"top": 10, "left": 28, "width": 50, "height": 47}}, {"probability": {"average": 0.92875278, "min": 0.8577747941, "variance": 0.005037874449}, "words": "首頁", "location": {"top": 66, "left": 28, "width": 47, "height": 25}}], "words_result_num": 2, "log_id": 1776893002064189500}