{"words_result": [{"probability": {"average": 0.9997229576, "min": 0.9994662404, "variance": 6.591902491e-08}, "words": "外带", "location": {"top": 41, "left": 180, "width": 100, "height": 52}}, {"probability": {"average": 0.9954520464, "min": 0.9900451303, "variance": 2.064264481e-05}, "words": "店内自提", "location": {"top": 106, "left": 183, "width": 142, "height": 38}}], "words_result_num": 2, "log_id": 1776676860519879808}