{"words_result": [{"probability": {"average": 0.9999607801, "min": 0.9998915195, "variance": 1.885233303e-09}, "words": "Á¢¼´¹ºÂò", "location": {"top": 30, "left": 47, "width": 116, "height": 31}}], "words_result_num": 1, "log_id": 1789035449924079218}