{"words_result": [{"probability": {"average": 0.8980994225, "min": 0.7412763834, "variance": 0.01457721274}, "words": "香港Hair Cornerl明星御用美.", "location": {"top": 9, "left": 2, "width": 478, "height": 36}}], "words_result_num": 1, "log_id": 1789066462209850514}