{"words_result": [{"probability": {"average": 0.9924923182, "min": 0.9628896713, "variance": 0.0002190923842}, "words": "他人赠送", "location": {"top": 11, "left": 32, "width": 184, "height": 40}}, {"probability": {"average": 0.9957972169, "min": 0.9730648398, "variance": 7.269570051e-05}, "words": "(购买账号与绑定账号不一致)", "location": {"top": 13, "left": 206, "width": 472, "height": 37}}], "words_result_num": 2, "log_id": 1789180332670303104}