{"words_result": [{"probability": {"average": 0.9920065403, "min": 0.9687183499, "variance": 0.0001808017114}, "words": "查看列表", "location": {"top": 13, "left": 14, "width": 137, "height": 36}}], "words_result_num": 1, "log_id": 1776909045172913350}