{"words_result": [{"probability": {"average": 0.9920015335, "min": 0.9866456985, "variance": 2.868528827e-05}, "words": "目錄", "location": {"top": 65, "left": 31, "width": 47, "height": 26}}], "words_result_num": 1, "log_id": 1776895765874516529}