{"words_result": [{"probability": {"average": 0.9996663332, "min": 0.999173224, "variance": 1.094819595e-07}, "words": "预约送餐", "location": {"top": 43, "left": 167, "width": 168, "height": 42}}, {"probability": {"average": 0.9984589219, "min": 0.9949101806, "variance": 3.519972097e-06}, "words": "预约送达时间", "location": {"top": 109, "left": 168, "width": 213, "height": 34}}], "words_result_num": 2, "log_id": 1772961541802558711}