{"words_result": [{"probability": {"average": 0.9953907728, "min": 0.993833065, "variance": 2.426360879e-06}, "words": "关于", "location": {"top": 0, "left": 0, "width": 92, "height": 51}}], "words_result_num": 1, "log_id": 1776905359218955506}