{"words_result": [{"probability": {"average": 0.9998649955, "min": 0.9996799231, "variance": 1.720154152e-08}, "words": "选规格", "location": {"top": 18, "left": 24, "width": 91, "height": 34}}], "words_result_num": 1, "log_id": 1776678425261477639}