{"words_result": [{"probability": {"average": 0.9936763048, "min": 0.9753546715, "variance": 0.0001119009976}, "words": " º÷’‘ –Ì", "location": {"top": 10, "left": 26, "width": 138, "height": 36}}], "words_result_num": 1, "log_id": 1788954969358167144}