{"words_result": [{"probability": {"average": 0.9995598793, "min": 0.9994908571, "variance": 2.917167619e-09}, "words": "去结算", "location": {"top": 25, "left": 51, "width": 108, "height": 39}}], "words_result_num": 1, "log_id": 1776676978344931735}