{"words_result": [{"probability": {"average": 0.999712646, "min": 0.9993129969, "variance": 6.842884659e-08}, "words": "我的卡券", "location": {"top": 22, "left": 19, "width": 170, "height": 44}}], "words_result_num": 1, "log_id": 1776913791985360762}