{"words_result": [{"probability": {"average": 0.9255883694, "min": 0.8873526454, "variance": 0.001461968292}, "words": "+￥", "location": {"top": 50, "left": 36, "width": 41, "height": 35}}, {"probability": {"average": 0.9998354912, "min": 0.9996098876, "variance": 1.811608641e-08}, "words": "本季精选", "location": {"top": 106, "left": 24, "width": 80, "height": 20}}, {"probability": {"average": 0.999789238, "min": 0.9996744394, "variance": 1.317870613e-08}, "words": "折扣", "location": {"top": 133, "left": 44, "width": 40, "height": 21}}], "words_result_num": 3, "log_id": 1772961270988605323}