{"words_result": [{"probability": {"average": 0.9997428656, "min": 0.9996715784, "variance": 5.086109311e-09}, "words": "反馈", "location": {"top": 21, "left": 106, "width": 100, "height": 52}}], "words_result_num": 1, "log_id": 1789550479457992123}