{"words_result": [{"probability": {"average": 0.9998705387, "min": 0.9997727275, "variance": 9.572866944e-09}, "words": "取消", "location": {"top": 37, "left": 156, "width": 111, "height": 57}}], "words_result_num": 1, "log_id": 1776915308454883544}