{"words_result": [{"probability": {"average": 0.9319864511, "min": 0.7724636197, "variance": 0.008681038395}, "words": "Å®×°Ê×í“", "location": {"top": 21, "left": 22, "width": 103, "height": 26}}], "words_result_num": 1, "log_id": 1776889720573092319}