{"words_result": [{"probability": {"average": 0.999904573, "min": 0.9997990727, "variance": 5.941308778e-09}, "words": "确认交易", "location": {"top": 37, "left": 439, "width": 157, "height": 41}}], "words_result_num": 1, "log_id": 1789035641261377997}