{"words_result": [{"probability": {"average": 0.9994031787, "min": 0.998221457, "variance": 6.98139786e-07}, "words": "µ•»À≤Õ", "location": {"top": 13, "left": 32, "width": 74, "height": 27}}], "words_result_num": 1, "log_id": 1771270627670888087}