{"words_result": [{"probability": {"average": 0.9028990865, "min": 0.9028990865, "variance": 0}, "words": "三", "location": {"top": 7, "left": 29, "width": 52, "height": 52}}, {"probability": {"average": 0.9911496639, "min": 0.9872539639, "variance": 1.517624605e-05}, "words": "目錄", "location": {"top": 63, "left": 32, "width": 47, "height": 27}}], "words_result_num": 2, "log_id": 1776894926688474172}