{"words_result": [{"probability": {"average": 0.9994431734, "min": 0.9978140593, "variance": 8.8477384e-07}, "words": "¶ù¿ÆÓÃÒ©", "location": {"top": 17, "left": 12, "width": 95, "height": 25}}], "words_result_num": 1, "log_id": 1789205022149343918}