{"words_result": [{"probability": {"average": 0.3684127927, "min": 0.3684127927, "variance": 0}, "words": "分", "location": {"top": 39, "left": 69, "width": 48, "height": 41}}, {"probability": {"average": 0.9094023705, "min": 0.8189519048, "variance": 0.008181281388}, "words": "首頁", "location": {"top": 118, "left": 60, "width": 65, "height": 34}}], "words_result_num": 2, "log_id": 1776893276930452163}