{"words_result": [{"probability": {"average": 0.9990203381, "min": 0.9984654188, "variance": 3.741800754e-07}, "words": "系统通知", "location": {"top": 31, "left": 108, "width": 170, "height": 41}}], "words_result_num": 1, "log_id": 1776913077799546583}