{"words_result": [{"probability": {"average": 0.8931112289, "min": 0.3604392707, "variance": 0.05674808845}, "words": "也保存到相册", "location": {"top": 55, "left": 344, "width": 313, "height": 51}}], "words_result_num": 1, "log_id": 1776917022064375088}