{"words_result": [{"probability": {"average": 0.9999992847, "min": 0.9999988079, "variance": 1.350031198e-13}, "words": "继续点餐", "location": {"top": 40, "left": 88, "width": 195, "height": 50}}], "words_result_num": 1, "log_id": 1776680439813855212}