{"words_result": [{"probability": {"average": 0.999029994, "min": 0.9976164103, "variance": 8.782625969e-07}, "words": "±£³Ö¹Ø±Õ", "location": {"top": 14, "left": 21, "width": 117, "height": 30}}], "words_result_num": 1, "log_id": 1789539925405164142}