{"words_result": [{"probability": {"average": 0.9999201298, "min": 0.9997454286, "variance": 1.038499153e-08}, "words": "系统通知", "location": {"top": 13, "left": 17, "width": 201, "height": 53}}], "words_result_num": 1, "log_id": 1789538474559220297}