{"words_result": [{"probability": {"average": 0.9995645285, "min": 0.9983102083, "variance": 5.245599937e-07}, "words": "我的卡券", "location": {"top": 18, "left": 28, "width": 190, "height": 50}}], "words_result_num": 1, "log_id": 1776913784304872695}