{"words_result": [{"probability": {"average": 0.95561409, "min": 0.8292067051, "variance": 0.005332422443}, "words": "清除未读", "location": {"top": 6, "left": 0, "width": 127, "height": 35}}], "words_result_num": 1, "log_id": 1789063547677932627}