{"words_result": [{"probability": {"average": 0.9998098612, "min": 0.9996291399, "variance": 3.209134292e-08}, "words": "其他问题", "location": {"top": 11, "left": 17, "width": 112, "height": 31}}], "words_result_num": 1, "log_id": 1789174175431551366}