{"words_result": [{"probability": {"average": 0.9996321797, "min": 0.998999536, "variance": 1.813158832e-07}, "words": "Âú1¼þ³¬Öµ»»¹º", "location": {"top": 12, "left": 1, "width": 228, "height": 33}}], "words_result_num": 1, "log_id": 1789172734973114849}