{"words_result": [{"probability": {"average": 0.9999390841, "min": 0.9998809099, "variance": 1.263725125e-09}, "words": "尽快送达", "location": {"top": 33, "left": 131, "width": 117, "height": 30}}, {"probability": {"average": 0.9998256564, "min": 0.9992526174, "variance": 6.751239567e-08}, "words": "尽快配送餐品", "location": {"top": 73, "left": 130, "width": 142, "height": 24}}], "words_result_num": 2, "log_id": 1772961647740068637}