{"words_result": [{"probability": {"average": 0.9844219685, "min": 0.9378154278, "variance": 0.0007240580162}, "words": "ÎÞ·þÎñÁî", "location": {"top": 5, "left": 11, "width": 113, "height": 26}}, {"probability": {"average": 0.9620214701, "min": 0.8115978241, "variance": 0.005657003727}, "words": "00:32", "location": {"top": 6, "left": 341, "width": 70, "height": 25}}, {"probability": {"average": 0.9282197952, "min": 0.7994149327, "variance": 0.007802547421}, "words": 