{"words_result": [{"probability": {"average": 0.9318789244, "min": 0.7936025262, "variance": 0.007027434185}, "words": "女装首夏", "location": {"top": 31, "left": 25, "width": 104, "height": 26}}], "words_result_num": 1, "log_id": 1776896158732047844}