{"words_result": [{"probability": {"average": 0.9834139943, "min": 0.9337294102, "variance": 0.0008228538791}, "words": "ÎÞ·þÎñÁî", "location": {"top": 5, "left": 11, "width": 113, "height": 26}}, {"probability": {"average": 0.9811950922, "min": 0.9084465504, "variance": 0.001323224744}, "words": "01:02", "location": {"top": 6, "left": 343, "width": 67, "height": 25}}, {"probability": {"average": 0.7043479085, "min": 0.7043479085, "variance": 0}, "words": "@", "location": {"top": 8, "left": 594, "width": 20, "height": 20}}, {"probability": {"average": 0.9032334089, "min": 0.6135341525, "variance": 0.02797521651}, "words": 