{"words_result": [{"probability": {"average": 0.9939736724, "min": 0.9828518629, "variance": 6.188430416e-05}, "words": "關注中", "location": {"top": 16, "left": 12, "width": 102, "height": 37}}], "words_result_num": 1, "log_id": 1789539707546452004}