{"words_result": [{"probability": {"average": 0.9997158051, "min": 0.9991677999, "variance": 1.02144881e-07}, "words": "进入会议", "location": {"top": 51, "left": 407, "width": 196, "height": 47}}], "words_result_num": 1, "log_id": 1776910262968066075}