{"words_result": [{"probability": {"average": 0.9995086193, "min": 0.9984260798, "variance": 3.960782919e-07}, "words": "常规会议", "location": {"top": 113, "left": 81, "width": 193, "height": 45}}], "words_result_num": 1, "log_id": 1776912072083846325}