{"words_result": [{"probability": {"average": 0.999769032, "min": 0.9994351268, "variance": 3.430472972e-08}, "words": "电子礼品卡", "location": {"top": 29, "left": 19, "width": 150, "height": 31}}], "words_result_num": 1, "log_id": 1789180298444474269}