{"words_result": [{"probability": {"average": 0.839135766, "min": 0.1979142427, "variance": 0.1027915031}, "words": "甾福利消息", "location": {"top": 21, "left": 27, "width": 257, "height": 55}}], "words_result_num": 1, "log_id": 1776913629114771763}