{"words_result": [{"probability": {"average": 0.9339225888, "min": 0.8680119514, "variance": 0.004344211891}, "words": "Ê×í“", "location": {"top": 114, "left": 45, "width": 64, "height": 35}}], "words_result_num": 1, "log_id": 1776894657397567393}