{"words_result": [{"probability": {"average": 0.9999842644, "min": 0.999976635, "variance": 5.820766091e-11}, "words": "确定", "location": {"top": 42, "left": 427, "width": 113, "height": 58}}], "words_result_num": 1, "log_id": 1776653890897361031}