{"words_result": [{"probability": {"average": 4.228463149e-05, "min": 4.228463149e-05, "variance": 0}, "words": "1100010888", "location": {"top": 54, "left": 158, "width": 56, "height": 14}}, {"probability": {"average": 0.7295958996, "min": 0.7160269618, "variance": 0.0001841168851}, "words": "Ç§±º", "location": {"top": 63, "left": 161, "width": 55, "height": 22}}, {"probability": {"average": 0.9968775511, "min": 0.9968775511, "variance": 0}, "words": "ÎÞ", "location": {"top": 107, "left": 174, "width": 37, "height": 22}}, {"probability": {"average": 0.9136971831, "min": 0.7555013299, "variance": 0.008576187305}, "words": "´ÖÁ¸È«ÂóÍÂË¾", "location": {"top": 144, "left": 73, "width": 150, "height": 49}}], "words_result_num": 4, "log_id": 1789173071732121130}