{"words_result": [{"probability": {"average": 0.7309265137, "min": 0.7309265137, "variance": 0}, "words": "4", "location": {"top": 15, "left": 57, "width": 23, "height": 27}}, {"probability": {"average": 0.9999594688, "min": 0.9998983145, "variance": 1.886244716e-09}, "words": "购物车", "location": {"top": 93, "left": 6, "width": 79, "height": 28}}], "words_result_num": 2, "log_id": 1789182795897074678}