{"words_result": [{"probability": {"average": 0.9974256754, "min": 0.9898121953, "variance": 1.932287341e-05}, "words": "复古油头", "location": {"top": 26, "left": 43, "width": 98, "height": 26}}], "words_result_num": 1, "log_id": 1789065627833770592}