{"words_result": [{"probability": {"average": 0.999530673, "min": 0.9990647435, "variance": 2.171180711e-07}, "words": "同意", "location": {"top": 34, "left": 458, "width": 77, "height": 38}}], "words_result_num": 1, "log_id": 1789058919304853624}