{"words_result": [{"probability": {"average": 0.7860890627, "min": 0.7860890627, "variance": 0}, "words": "三", "location": {"top": 40, "left": 67, "width": 51, "height": 46}}, {"probability": {"average": 0.9822489619, "min": 0.9519671798, "variance": 0.0004592514597}, "words": "主選單", "location": {"top": 124, "left": 46, "width": 97, "height": 34}}], "words_result_num": 2, "log_id": 1776893505095348098}