{"words_result": [{"probability": {"average": 0.9695438147, "min": 0.5913683772, "variance": 0.01100646798}, "words": "手作肉多多小花卷300g（盒", "location": {"top": 22, "left": 8, "width": 346, "height": 30}}, {"probability": {"average": 0.996514082, "min": 0.9871774912, "variance": 2.914578363e-05}, "words": "马工坊)", "location": {"top": 62, "left": 8, "width": 93, "height": 27}}], "words_result_num": 2, "log_id": 1789169696030585510}