{"words_result": [{"probability": {"average": 0.999679625, "min": 0.9993875027, "variance": 8.533547202e-08}, "words": "单品", "location": {"top": 22, "left": 47, "width": 48, "height": 25}}, {"probability": {"average": 0.9997721314, "min": 0.9996532202, "variance": 1.413988926e-08}, "words": "活动", "location": {"top": 49, "left": 47, "width": 48, "height": 27}}], "words_result_num": 2, "log_id": 1789201600308750090}