{"words_result": [{"probability": {"average": 0.9999998808, "min": 0.9999997616, "variance": 1.421085472e-14}, "words": "继续", "location": {"top": 0, "left": 0, "width": 73, "height": 39}}], "words_result_num": 1, "log_id": 1776904923172386781}