{"words_result": [{"probability": {"average": 0.9545952678, "min": 0.9125123024, "variance": 0.001770976}, "words": "+￥", "location": {"top": 58, "left": 57, "width": 62, "height": 57}}, {"probability": {"average": 0.9998006821, "min": 0.9996211529, "variance": 1.666168714e-08}, "words": "本季精选", "location": {"top": 153, "left": 41, "width": 119, "height": 29}}, {"probability": {"average": 0.9973248839, "min": 0.9946784973, "variance": 7.003362043e-06}, "words": "折扣", "location": {"top": 188, "left": 70, "width": 60, "height": 30}}], "words_result_num": 3, "log_id": 1772961283420670539}