{"words_result": [{"probability": {"average": 0.9962290525, "min": 0.9853767753, "variance": 3.928845763e-05}, "words": "复古油头", "location": {"top": 1, "left": 0, "width": 114, "height": 32}}], "words_result_num": 1, "log_id": 1789065618245266680}