{"words_result": [{"probability": {"average": 0.9552118778, "min": 0.8210251927, "variance": 0.006002024747}, "words": "麦乐送)", "location": {"top": 47, "left": 117, "width": 161, "height": 41}}, {"probability": {"average": 0.998077333, "min": 0.9885222912, "variance": 1.161600812e-05}, "words": "随心配13.9上外送啦", "location": {"top": 102, "left": 71, "width": 209, "height": 23}}], "words_result_num": 2, "log_id": 1772961144720481135}