{"words_result": [{"probability": {"average": 0.9984874725, "min": 0.9945368171, "variance": 3.451799103e-06}, "words": "手作肉多多小花卷300g", "location": {"top": 16, "left": 5, "width": 352, "height": 38}}, {"probability": {"average": 0.9302965999, "min": 0.8255590796, "variance": 0.007228692062}, "words": "(盒马工", "location": {"top": 17, "left": 349, "width": 142, "height": 33}}, {"probability": {"average": 0.9910257459, "min": 0.9823258519, "variance": 7.568815636e-05}, "words": "坊)", "location": {"top": 57, "left": 1, "width": 50, "height": 40}}], "words_result_num": 3, "log_id": 1789169332905959647}