{"words_result": [{"probability": {"average": 0.9995676279, "min": 0.9977391958, "variance": 3.454293278e-07}, "words": "广州路餐厅83241985", "location": {"top": 7, "left": 11, "width": 273, "height": 29}}], "words_result_num": 1, "log_id": 1776883566286944980}