{"words_result": [{"probability": {"average": 0.9999344349, "min": 0.9998457432, "variance": 3.252171865e-09}, "words": "立即试用", "location": {"top": 30, "left": 53, "width": 111, "height": 29}}], "words_result_num": 1, "log_id": 1789547692094272929}