{"words_result": [{"probability": {"average": 0.9998948574, "min": 0.9998592138, "variance": 1.270464622e-09}, "words": "Ω·À„", "location": {"top": 21, "left": 67, "width": 67, "height": 35}}], "words_result_num": 1, "log_id": 1789174377698434309}