{"words_result": [{"probability": {"average": 0.9878064394, "min": 0.941118598, "variance": 0.0005452175392}, "words": "18:00", "location": {"top": 21, "left": 23, "width": 96, "height": 34}}], "words_result_num": 1, "log_id": 1776876956460062817}