{"words_result": [{"probability": {"average": 0.7857769132, "min": 0.7167132497, "variance": 0.004769789521}, "words": "8ки", "location": {"top": 0, "left": 0, "width": 62, "height": 62}}], "words_result_num": 1, "log_id": 1789173808665290721}