{"words_result": [{"probability": {"average": 0.9913137555, "min": 0.9571382999, "variance": 0.0002920008264}, "words": "感冒灵颗粒", "location": {"top": 28, "left": 19, "width": 75, "height": 18}}], "words_result_num": 1, "log_id": 1788956514004007308}