{"words_result": [{"probability": {"average": 0.9982514381, "min": 0.9948003292, "variance": 4.168599844e-06}, "words": "结束休息", "location": {"top": 49, "left": 133, "width": 192, "height": 49}}], "words_result_num": 1, "log_id": 1776910825642421650}