{"words_result": [{"probability": {"average": 0.931543231, "min": 0.7265712023, "variance": 0.01400451548}, "words": "ÎÞ·þÎñÁî", "location": {"top": 5, "left": 11, "width": 114, "height": 27}}, {"probability": {"average": 0.9901067615, "min": 0.9518039227, "variance": 0.0003668205754}, "words": "00:31", "location": {"top": 8, "left": 343, "width": 68, "height": 20}}, {"probability": {"average": 0.8669179678, "min": 0.6488190889, "variance": 0.0264239423}, "words": 