{"words_result": [{"probability": {"average": 0.999651432, "min": 0.9994833469, "variance": 2.826262069e-08}, "words": "È¡Ïû", "location": {"top": 15, "left": 23, "width": 96, "height": 54}}], "words_result_num": 1, "log_id": 1776914815655799548}