{"words_result": [{"probability": {"average": 0.9997814894, "min": 0.9994031191, "variance": 5.243147072e-08}, "words": "»∑»œ÷ß∏∂", "location": {"top": 59, "left": 431, "width": 180, "height": 46}}], "words_result_num": 1, "log_id": 1776877040213954266}