{"words_result": [{"probability": {"average": 0.997277081, "min": 0.9902169704, "variance": 1.136774881e-05}, "words": "同步历史会议", "location": {"top": 56, "left": 23, "width": 291, "height": 44}}, {"probability": {"average": 0.5858649015, "min": 0.5858649015, "variance": 0}, "words": "O", "location": {"top": 39, "left": 874, "width": 129, "height": 72}}], "words_result_num": 2, "log_id": 1776915404860376255}