{"words_result": [{"probability": {"average": 0.9977355599, "min": 0.9872121215, "variance": 2.218449481e-05}, "words": "消息通知设置", "location": {"top": 14, "left": 5, "width": 182, "height": 29}}], "words_result_num": 1, "log_id": 1789039586494507173}