{"words_result": [{"probability": {"average": 0.9729154706, "min": 0.6889255047, "variance": 0.007336005569}, "words": "差4积点可兑换中杯奶铁>", "location": {"top": 145, "left": 48, "width": 366, "height": 30}}], "words_result_num": 1, "log_id": 1776677143710053735}