{"words_result": [{"probability": {"average": 0.8701399565, "min": 0.3597305715, "variance": 0.06513994932}, "words": "查看更多V", "location": {"top": 8, "left": 4, "width": 201, "height": 41}}], "words_result_num": 1, "log_id": 1789180884688135366}