{"words_result": [{"probability": {"average": 0.9895816445, "min": 0.9688805938, "variance": 0.0002142690792}, "words": "下一题", "location": {"top": 29, "left": 244, "width": 100, "height": 35}}], "words_result_num": 1, "log_id": 1776884992219019019}