{"words_result": [{"probability": {"average": 0.6063919663, "min": 0.3595032394, "variance": 0.06451323628}, "words": "È«ÂóÈíÕş°ü", "location": {"top": 50, "left": 53, "width": 8, "height": 33}}], "words_result_num": 1, "log_id": 1789172998564914367}