{"words_result": [{"probability": {"average": 0.9984750748, "min": 0.9969611764, "variance": 2.291797955e-06}, "words": "回复", "location": {"top": 4, "left": 4, "width": 56, "height": 31}}], "words_result_num": 1, "log_id": 1776909402640293288}