{"words_result": [{"probability": {"average": 0.9999908805, "min": 0.9999845028, "variance": 4.067501891e-11}, "words": "我的", "location": {"top": 84, "left": 21, "width": 52, "height": 28}}], "words_result_num": 1, "log_id": 1789178091637357646}