{"words_result": [{"probability": {"average": 0.9843797088, "min": 0.89261204, "variance": 0.00140379474}, "words": "15ÔªÆð¿ª¿¨>", "location": {"top": 15, "left": 19, "width": 151, "height": 24}}], "words_result_num": 1, "log_id": 1789067743976815555}