{"words_result": [{"probability": {"average": 0.9996511936, "min": 0.9993595481, "variance": 6.897830218e-08}, "words": "立即领", "location": {"top": 17, "left": 50, "width": 107, "height": 38}}], "words_result_num": 1, "log_id": 1789199350776770383}