{"words_result": [{"probability": {"average": 0.9844215512, "min": 0.9378135204, "variance": 0.00072410336}, "words": "ÎÞ·þÎñÁî", "location": {"top": 5, "left": 11, "width": 113, "height": 26}}, {"probability": {"average": 0.9592081308, "min": 0.7973631024, "variance": 0.00654853601}, "words": "00:30", "location": {"top": 6, "left": 341, "width": 71, "height": 25}}, {"probability": {"average": 0.9319636226, "min": 0.7543726563, "variance": 0.009191947058}, "words": 