{"words_result": [{"probability": {"average": 0.9951823354, "min": 0.9624656439, "variance": 0.0001529271394}, "words": "如何绑定礼品卡？", "location": {"top": 23, "left": 8, "width": 210, "height": 27}}], "words_result_num": 1, "log_id": 1789174209420453964}