{"words_result": [{"probability": {"average": 0.9919146895, "min": 0.9677933455, "variance": 0.0001416397572}, "words": "期間限定優惠截至3/14止", "location": {"top": 65, "left": 23, "width": 494, "height": 49}}], "words_result_num": 1, "log_id": 1776889376944083654}