{"words_result": [{"probability": {"average": 0.999622941, "min": 0.9988308549, "variance": 2.097695528e-07}, "words": "放弃优惠", "location": {"top": 26, "left": 55, "width": 201, "height": 51}}], "words_result_num": 1, "log_id": 1788956281462644978}