{"words_result": [{"probability": {"average": 0.3167805374, "min": 0.2156034559, "variance": 0.01023679972}, "words": "在店", "location": {"top": 31, "left": 33, "width": 66, "height": 48}}], "words_result_num": 1, "log_id": 1789199175864523565}