{"words_result": [{"probability": {"average": 0.9997782707, "min": 0.9997655749, "variance": 1.611830669e-10}, "words": "取消", "location": {"top": 51, "left": 445, "width": 108, "height": 56}}], "words_result_num": 1, "log_id": 1776917259483566937}