{"words_result": [{"probability": {"average": 0.9999409318, "min": 0.9999262094, "variance": 2.167475088e-10}, "words": "直播", "location": {"top": 14, "left": 17, "width": 101, "height": 53}}], "words_result_num": 1, "log_id": 1789240982035942249}