{"words_result": [{"probability": {"average": 0.9999573231, "min": 0.9998409748, "variance": 4.517353602e-09}, "words": "速食面点", "location": {"top": 110, "left": 13, "width": 88, "height": 24}}], "words_result_num": 1, "log_id": 1789169584565596978}