{"words_result": [{"probability": {"average": 0.9998357296, "min": 0.9998024106, "variance": 1.108171332e-09}, "words": "朋友", "location": {"top": 19, "left": 24, "width": 103, "height": 55}}], "words_result_num": 1, "log_id": 1789536943654408728}