{"words_result": [{"probability": {"average": 0.506341815, "min": 0.4092965722, "variance": 0.009417785332}, "words": "[☑", "location": {"top": 12, "left": 14, "width": 53, "height": 54}}], "words_result_num": 1, "log_id": 1776917185347560890}