{"words_result": [{"probability": {"average": 0.9995850325, "min": 0.9988491535, "variance": 1.598580184e-07}, "words": "好评769", "location": {"top": 28, "left": 42, "width": 100, "height": 25}}], "words_result_num": 1, "log_id": 1789199642657427394}