{"words_result": [{"probability": {"average": 0.9613799453, "min": 0.9613799453, "variance": 0}, "words": "°Ó", "location": {"top": 2, "left": 7, "width": 51, "height": 50}}, {"probability": {"average": 0.9998688698, "min": 0.9998031259, "variance": 4.318346569e-09}, "words": " ’≤ÿ", "location": {"top": 60, "left": 11, "width": 43, "height": 23}}], "words_result_num": 2, "log_id": 1789169727387161520}