{"words_result": [{"probability": {"average": 0.9962312579, "min": 0.9927489161, "variance": 1.212670395e-05}, "words": "½áÊø", "location": {"top": 9, "left": 9, "width": 103, "height": 53}}], "words_result_num": 1, "log_id": 1776910436670033394}