{"words_result": [{"probability": {"average": 0.8196982145, "min": 0.8196982145, "variance": 0}, "words": "ps", "location": {"top": 110, "left": 120, "width": 27, "height": 13}}], "words_result_num": 1, "log_id": 1776877128181870419}