{"words_result": [{"probability": {"average": 0.9998627901, "min": 0.9997397065, "variance": 1.515690862e-08}, "words": "取消", "location": {"top": 1, "left": 4, "width": 70, "height": 38}}], "words_result_num": 1, "log_id": 1776907132999109209}