{"words_result": [{"probability": {"average": 0.9998775721, "min": 0.9996351004, "variance": 1.660851545e-08}, "words": "¶«±±½È×Ó¹Ý", "location": {"top": 8, "left": 8, "width": 171, "height": 37}}], "words_result_num": 1, "log_id": 1789035864867087160}