{"words_result": [{"probability": {"average": 0.9998518229, "min": 0.999730289, "variance": 1.477772749e-08}, "words": "È¡Ïû", "location": {"top": 22, "left": 149, "width": 58, "height": 30}}], "words_result_num": 1, "log_id": 1789173272946009578}