{"words_result": [{"probability": {"average": 0.9986875057, "min": 0.9973224998, "variance": 1.145798706e-06}, "words": "ักบรมห", "location": {"top": 33, "left": 452, "width": 109, "height": 38}}], "words_result_num": 1, "log_id": 1789203694205439672}