{"words_result": [{"probability": {"average": 0.9996067286, "min": 0.9986798167, "variance": 2.9477971e-07}, "words": "提交订单", "location": {"top": 28, "left": 23, "width": 129, "height": 34}}], "words_result_num": 1, "log_id": 1789035504215299912}