{"words_result": [{"probability": {"average": 0.998809576, "min": 0.9984652996, "variance": 1.18526259e-07}, "words": "反馈", "location": {"top": 16, "left": 84, "width": 71, "height": 37}}], "words_result_num": 1, "log_id": 1789550470938496766}