{"words_result": [{"probability": {"average": 0.5902181864, "min": 0.5902181864, "variance": 0}, "words": "三", "location": {"top": 10, "left": 25, "width": 50, "height": 50}}, {"probability": {"average": 0.990494132, "min": 0.9850177169, "variance": 2.999144999e-05}, "words": "目錄", "location": {"top": 67, "left": 27, "width": 47, "height": 25}}], "words_result_num": 2, "log_id": 1776892068442753058}