{"words_result": [{"probability": {"average": 0.9996502995, "min": 0.9993190765, "variance": 4.571185741e-08}, "words": "￥1010", "location": {"top": 9, "left": 0, "width": 160, "height": 48}}], "words_result_num": 1, "log_id": 1789037320056464153}