{"words_result": [{"probability": {"average": 0.999920249, "min": 0.9998583794, "variance": 3.827850037e-09}, "words": "回复", "location": {"top": 0, "left": 8, "width": 58, "height": 32}}], "words_result_num": 1, "log_id": 1776908827407032200}