{"words_result": [{"probability": {"average": 0.999048233, "min": 0.9977260232, "variance": 7.733255529e-07}, "words": "查看更多福利", "location": {"top": 32, "left": 49, "width": 210, "height": 37}}], "words_result_num": 1, "log_id": 1776913297728268201}