{"words_result": [{"probability": {"average": 0.9489173889, "min": 0.7522262335, "variance": 0.009677537717}, "words": "18:00", "location": {"top": 15, "left": 19, "width": 69, "height": 24}}], "words_result_num": 1, "log_id": 1776877334594234226}