{"words_result": [{"probability": {"average": 0.9995872974, "min": 0.9993801117, "variance": 4.29135838e-08}, "words": "人气", "location": {"top": 0, "left": 9, "width": 79, "height": 48}}, {"probability": {"average": 0.9999703169, "min": 0.9999468327, "variance": 5.515090606e-10}, "words": "热", "location": {"top": 42, "left": 12, "width": 72, "height": 41}}], "words_result_num": 2, "log_id": 1776876785592911761}