{"words_result": [{"probability": {"average": 0.9993748665, "min": 0.9984682202, "variance": 3.668831425e-07}, "words": "¹ûÊßÏÊ»¨", "location": {"top": 170, "left": 10, "width": 128, "height": 34}}], "words_result_num": 1, "log_id": 1789169204526742809}