{"words_result": [{"probability": {"average": 0.9995825887, "min": 0.9988554716, "variance": 1.984003291e-07}, "words": "￥160", "location": {"top": 14, "left": 0, "width": 125, "height": 53}}], "words_result_num": 1, "log_id": 1789037185552520681}