{"words_result": [{"probability": {"average": 0.999432683, "min": 0.9988694787, "variance": 3.172326331e-07}, "words": "同意", "location": {"top": 40, "left": 440, "width": 74, "height": 37}}], "words_result_num": 1, "log_id": 1788956045540455200}