{"words_result": [{"probability": {"average": 0.9977695942, "min": 0.995541513, "variance": 4.964478649e-06}, "words": "их╗п", "location": {"top": 15, "left": 31, "width": 117, "height": 50}}], "words_result_num": 1, "log_id": 1789228753774128253}