{"words_result": [{"probability": {"average": 0.9974601865, "min": 0.9900768399, "variance": 1.30513472e-05}, "words": "消息通知设置", "location": {"top": 9, "left": 1, "width": 236, "height": 41}}], "words_result_num": 1, "log_id": 1789039577565557755}