{"words_result": [{"probability": {"average": 0.9783657193, "min": 0.892356813, "variance": 0.0018494213}, "words": "Èý¸ü¶à°ïÖú", "location": {"top": 13, "left": 14, "width": 137, "height": 30}}], "words_result_num": 1, "log_id": 1789538557771971089}