{"words_result": [{"probability": {"average": 0.994111836, "min": 0.9825111032, "variance": 6.729268353e-05}, "words": "下一题", "location": {"top": 4, "left": 0, "width": 134, "height": 55}}], "words_result_num": 1, "log_id": 1776884998793471410}