{"words_result": [{"probability": {"average": 0.9954177737, "min": 0.9709395766, "variance": 0.0001016126844}, "words": "先声再康药店（洪武路店）", "location": {"top": 72, "left": 346, "width": 487, "height": 48}}, {"probability": {"average": 0.7662317753, "min": 0.1666042358, "variance": 0.08513491601}, "words": "原保定点药店", "location": {"top": 182, "left": 242, "width": 53, "height": 21}}, {"probability": {"average": 0.9977282882, "min": 0.9846476316, "variance": 2.852831858e-05}, "words": "新街口地区药店", "location": {"top": 165, "left": 346, "width": 265, "height": 36}}], "words_result_num": 3, "log_id": 1789039378387060700}