{"words_result": [{"probability": {"average": 0.9993010759, "min": 0.9986961484, "variance": 3.65973392e-07}, "words": "媒体", "location": {"top": 0, "left": 0, "width": 95, "height": 52}}], "words_result_num": 1, "log_id": 1776905243205951777}