{"words_result": [{"probability": {"average": 0.9532449245, "min": 0.8609070778, "variance": 0.004263163079}, "words": "等候室", "location": {"top": 54, "left": 19, "width": 146, "height": 48}}, {"probability": {"average": 0.4169680774, "min": 0.4169680774, "variance": 0}, "words": "○", "location": {"top": 36, "left": 855, "width": 122, "height": 79}}], "words_result_num": 2, "log_id": 1776912232040382677}