{"words_result": [{"probability": {"average": 0.9991769791, "min": 0.9985404015, "variance": 4.051931057e-07}, "words": "关注", "location": {"top": 16, "left": 19, "width": 110, "height": 60}}], "words_result_num": 1, "log_id": 1789539728954107821}