{"words_result": [{"probability": {"average": 0.9259249568, "min": 0.6845588684, "variance": 0.0138445748}, "words": "也保存到相册", "location": {"top": 52, "left": 392, "width": 310, "height": 53}}], "words_result_num": 1, "log_id": 1776917015761604098}