{"words_result": [{"probability": {"average": 0.949030757, "min": 0.7962304354, "variance": 0.007782643661}, "words": "ÎÞ·þÎñÁî", "location": {"top": 5, "left": 11, "width": 114, "height": 28}}, {"probability": {"average": 0.9964267015, "min": 0.9821482897, "variance": 5.096775567e-05}, "words": "23:35", "location": {"top": 8, "left": 344, "width": 67, "height": 20}}, {"probability": {"average": 0.6344159245, "min": 0.6344159245, "variance": 0}, "words": "@", "location": {"top": 8, "left": 576, "width": 26, "height": 20}}, {"probability": {"average": 0.8301687241, "min": 0.5156837702, "variance": 0.03406312689}, "words": 