{"words_result": [{"probability": {"average": 0.9941590428, "min": 0.9828410149, "variance": 6.406741159e-05}, "words": "选规格", "location": {"top": 15, "left": 24, "width": 90, "height": 32}}], "words_result_num": 1, "log_id": 1772961981554133326}