{"words_result": [{"probability": {"average": 0.9999918938, "min": 0.9999887943, "variance": 9.606537787e-12}, "words": "ÎÒµÄ", "location": {"top": 62, "left": 19, "width": 39, "height": 20}}], "words_result_num": 1, "log_id": 1789174422810742489}