{"words_result": [{"probability": {"average": 0.9975328445, "min": 0.9873171449, "variance": 2.120724275e-05}, "words": "期間限定優惠", "location": {"top": 31, "left": 21, "width": 156, "height": 25}}], "words_result_num": 1, "log_id": 1776889384056424199}