{"words_result": [{"probability": {"average": 0.999735415, "min": 0.9992639422, "variance": 1.111436134e-07}, "words": "ÎÞ·þÎñ", "location": {"top": 5, "left": 12, "width": 73, "height": 26}}, {"probability": {"average": 0.9942725897, "min": 0.9714724422, "variance": 0.000129962049}, "words": "23:28", "location": {"top": 8, "left": 343, "width": 67, "height": 20}}, {"probability": {"average": 0.6249170899, "min": 0.6249170899, "variance": 0}, "words": "@", "location": {"top": 8, "left": 577, "width": 20, "height": 19}}, {"probability": {"average": 0.7674151063, "min": 0.3983741999, "variance": 0.05846137926}, "words": 