{"words_result": [{"probability": {"average": 0.9985225797, "min": 0.9956581593, "variance": 3.756905016e-06}, "words": "期間限定優惠", "location": {"top": 21, "left": 25, "width": 155, "height": 25}}], "words_result_num": 1, "log_id": 1776895972136479542}