{"words_result": [{"probability": {"average": 0.7879451513, "min": 0.6701915264, "variance": 0.01386592351}, "words": "●●", "location": {"top": 32, "left": 31, "width": 28, "height": 12}}, {"probability": {"average": 0.9494867325, "min": 0.9494867325, "variance": 0}, "words": "●", "location": {"top": 32, "left": 63, "width": 11, "height": 11}}], "words_result_num": 2, "log_id": 1776915365958751991}