{"words_result": [{"probability": {"average": 0.9953089952, "min": 0.9913243055, "variance": 1.587775296e-05}, "words": "菜品", "location": {"top": 5, "left": 12, "width": 76, "height": 41}}], "words_result_num": 1, "log_id": 1789059196995065810}