{"words_result": [{"probability": {"average": 0.9997694492, "min": 0.999563992, "variance": 4.220041916e-08}, "words": "领取", "location": {"top": 4, "left": 0, "width": 55, "height": 33}}], "words_result_num": 1, "log_id": 1789038394805603972}