{"words_result": [{"probability": {"average": 0.9996747375, "min": 0.9992875457, "variance": 8.455327816e-08}, "words": "选规格", "location": {"top": 16, "left": 28, "width": 90, "height": 32}}], "words_result_num": 1, "log_id": 1776676710192898061}