{"words_result": [{"probability": {"average": 0.9992328882, "min": 0.9985790253, "variance": 4.275367473e-07}, "words": "É¾³ý", "location": {"top": 27, "left": 61, "width": 58, "height": 29}}], "words_result_num": 1, "log_id": 1789171507654261413}