{"words_result": [{"probability": {"average": 0.9982148409, "min": 0.9964420199, "variance": 3.142999958e-06}, "words": "更多", "location": {"top": 99, "left": 35, "width": 59, "height": 33}}], "words_result_num": 1, "log_id": 1776910654612291371}