{"words_result": [{"probability": {"average": 0.7276365161, "min": 0.7276365161, "variance": 0}, "words": "三", "location": {"top": 33, "left": 44, "width": 51, "height": 49}}, {"probability": {"average": 0.932854116, "min": 0.8040810227, "variance": 0.008293397725}, "words": "主選單", "location": {"top": 118, "left": 22, "width": 97, "height": 33}}], "words_result_num": 2, "log_id": 1776889641752970990}