{"words_result": [{"probability": {"average": 0.99979496, "min": 0.9995990396, "variance": 3.839650731e-08}, "words": "消息", "location": {"top": 9, "left": 14, "width": 107, "height": 56}}], "words_result_num": 1, "log_id": 1789537052924247312}