{"words_result": [{"probability": {"average": 0.8250948787, "min": 0.4755295217, "variance": 0.06109796837}, "words": "预约户", "location": {"top": 27, "left": 11, "width": 104, "height": 35}}], "words_result_num": 1, "log_id": 1772961411541505172}