{"words_result": [{"probability": {"average": 0.9993677139, "min": 0.9990171194, "variance": 1.314010944e-07}, "words": "仅看可售", "location": {"top": 11, "left": 64, "width": 113, "height": 30}}], "words_result_num": 1, "log_id": 1789171357397058268}