{"words_result": [{"probability": {"average": 0.9994518161, "min": 0.9984652996, "variance": 3.543376579e-07}, "words": "立即预约", "location": {"top": 24, "left": 277, "width": 125, "height": 30}}], "words_result_num": 1, "log_id": 1789066207537598403}