{"words_result": [{"probability": {"average": 0.9949743748, "min": 0.9799636006, "variance": 7.510808791e-05}, "words": "我的V金", "location": {"top": 6, "left": 15, "width": 120, "height": 34}}, {"probability": {"average": 0.9118103385, "min": 0.3851180077, "variance": 0.04623449221}, "words": "2517009", "location": {"top": 6, "left": 393, "width": 196, "height": 35}}], "words_result_num": 2, "log_id": 1776875097954497529}