{"words_result": [{"probability": {"average": 0.9544092417, "min": 0.8179555535, "variance": 0.006206536666}, "words": "ÎÞ·þÎñÁî", "location": {"top": 5, "left": 11, "width": 114, "height": 27}}, {"probability": {"average": 0.9971776009, "min": 0.9859108925, "variance": 3.173471123e-05}, "words": "23:35", "location": {"top": 8, "left": 344, "width": 68, "height": 20}}, {"probability": {"average": 0.8392768502, "min": 0.5740236044, "variance": 0.03209758177}, "words": 