{"words_result": [{"probability": {"average": 0.9998754859, "min": 0.9998693466, "variance": 3.769073942e-11}, "words": "取消", "location": {"top": 35, "left": 392, "width": 112, "height": 55}}], "words_result_num": 1, "log_id": 1776913463825408418}