{"words_result": [{"probability": {"average": 0.9994556308, "min": 0.9989687204, "variance": 1.405635004e-07}, "words": "￥1010", "location": {"top": 12, "left": 13, "width": 114, "height": 38}}], "words_result_num": 1, "log_id": 1789037313460855083}