{"words_result": [{"probability": {"average": 0.9996158481, "min": 0.9992477894, "variance": 1.354671895e-07}, "words": "领券", "location": {"top": 2, "left": 0, "width": 63, "height": 42}}], "words_result_num": 1, "log_id": 1789037894433594966}