{"words_result": [{"probability": {"average": 0.7684397697, "min": 0.7684397697, "variance": 0}, "words": "三", "location": {"top": 35, "left": 56, "width": 51, "height": 48}}, {"probability": {"average": 0.9671173096, "min": 0.9107384682, "variance": 0.001593733556}, "words": "主選單", "location": {"top": 120, "left": 35, "width": 96, "height": 33}}], "words_result_num": 2, "log_id": 1776894934092504917}