{"words_result": [{"probability": {"average": 0.9988382459, "min": 0.9966218472, "variance": 2.456500624e-06}, "words": "立即领", "location": {"top": 20, "left": 37, "width": 79, "height": 27}}], "words_result_num": 1, "log_id": 1789199341699953865}