{"words_result": [{"probability": {"average": 0.9999952912, "min": 0.9999951124, "variance": 3.197442311e-14}, "words": "ÎÒµÄ", "location": {"top": 66, "left": 15, "width": 40, "height": 21}}], "words_result_num": 1, "log_id": 1789203778474819179}