{"words_result": [{"probability": {"average": 0.9940015078, "min": 0.9881282449, "variance": 3.449556607e-05}, "words": "Ê×Ò³", "location": {"top": 7, "left": 10, "width": 105, "height": 59}}], "words_result_num": 1, "log_id": 1789519970024207065}