{"words_result": [{"probability": {"average": 0.9999526739, "min": 0.9999070168, "variance": 2.084576067e-09}, "words": "ЭЌвт", "location": {"top": 32, "left": 148, "width": 80, "height": 42}}], "words_result_num": 1, "log_id": 1789169124013982766}