{"words_result": [{"probability": {"average": 0.9999101162, "min": 0.9998233914, "variance": 4.637291884e-09}, "words": "ÎÞ·þÎñ", "location": {"top": 5, "left": 11, "width": 75, "height": 27}}, {"probability": {"average": 0.987049222, "min": 0.9360871911, "variance": 0.0006492903922}, "words": "01:05", "location": {"top": 6, "left": 343, "width": 67, "height": 25}}, {"probability": {"average": 0.5259892941, "min": 0.5259892941, "variance": 0}, "words": "@", "location": {"top": 8, "left": 592, "width": 22, "height": 20}}, {"probability": {"average": 0.9245818257, "min": 0.7835854888, "variance": 0.008758594282}, "words": 