{"words_result": [{"probability": {"average": 0.9999206662, "min": 0.9999104738, "variance": 1.038849007e-10}, "words": "取消", "location": {"top": 30, "left": 9, "width": 105, "height": 58}}], "words_result_num": 1, "log_id": 1776913470231094243}