{"words_result": [{"probability": {"average": 0.9923685789, "min": 0.9863670468, "variance": 3.601838762e-05}, "words": "文字", "location": {"top": 9, "left": 7, "width": 101, "height": 58}}], "words_result_num": 1, "log_id": 1789520240636404728}