{"words_result": [{"probability": {"average": 0.9985809326, "min": 0.9943506718, "variance": 5.965061973e-06}, "words": "结束会议", "location": {"top": 46, "left": 387, "width": 244, "height": 58}}], "words_result_num": 1, "log_id": 1776910952293635714}