{"words_result": [{"probability": {"average": 0.9997018576, "min": 0.9992880225, "variance": 1.079161649e-07}, "words": "加入购物车", "location": {"top": 29, "left": 186, "width": 140, "height": 27}}], "words_result_num": 1, "log_id": 1789173237502847369}