{"words_result": [{"probability": {"average": 0.9997985363, "min": 0.9994199276, "variance": 5.244141832e-08}, "words": "预约送餐", "location": {"top": 31, "left": 130, "width": 120, "height": 30}}, {"probability": {"average": 0.9965874553, "min": 0.9908829331, "variance": 1.235798572e-05}, "words": "预约送达时间", "location": {"top": 72, "left": 130, "width": 142, "height": 23}}], "words_result_num": 2, "log_id": 1772961533368550597}