{"words_result": [{"probability": {"average": 0.9999375939, "min": 0.9998966455, "variance": 1.676770722e-09}, "words": "发现", "location": {"top": 89, "left": 17, "width": 61, "height": 33}}], "words_result_num": 1, "log_id": 1789227701459669867}