{"words_result": [{"probability": {"average": 0.999763608, "min": 0.9994946718, "variance": 2.662189047e-08}, "words": "新增好友", "location": {"top": 13, "left": 14, "width": 122, "height": 31}}], "words_result_num": 1, "log_id": 1789540105972323995}