{"words_result": [{"probability": {"average": 0.9993174076, "min": 0.9989123344, "variance": 1.64108414e-07}, "words": "直播", "location": {"top": 14, "left": 10, "width": 68, "height": 38}}], "words_result_num": 1, "log_id": 1789240975326670477}