{"words_result": [{"probability": {"average": 0.9964190722, "min": 0.9931983352, "variance": 1.037333823e-05}, "words": "领券", "location": {"top": 13, "left": 20, "width": 51, "height": 27}}], "words_result_num": 1, "log_id": 1789037909329547345}