{"words_result": [{"probability": {"average": 0.9999073148, "min": 0.9998399019, "variance": 4.544492782e-09}, "words": "消息", "location": {"top": 17, "left": 6, "width": 108, "height": 57}}], "words_result_num": 1, "log_id": 1789520783018206238}