{"words_result": [{"probability": {"average": 0.8756530285, "min": 0.8242273331, "variance": 0.002644602209}, "words": "●●", "location": {"top": 33, "left": 31, "width": 28, "height": 11}}, {"probability": {"average": 0.9775109291, "min": 0.9775109291, "variance": 0}, "words": "●", "location": {"top": 33, "left": 58, "width": 18, "height": 12}}], "words_result_num": 2, "log_id": 1776915080846509877}