{"words_result": [{"probability": {"average": 0.9691390991, "min": 0.8771646619, "variance": 0.002819811227}, "words": "麦乐送)", "location": {"top": 65, "left": 165, "width": 236, "height": 57}}, {"probability": {"average": 0.9983901978, "min": 0.9886748195, "variance": 1.112665359e-05}, "words": "随心配13.9上外送啦", "location": {"top": 138, "left": 100, "width": 309, "height": 35}}], "words_result_num": 2, "log_id": 1772961154643519461}