{"words_result": [{"probability": {"average": 0.9982137084, "min": 0.9971881509, "variance": 7.604666621e-07}, "words": "去主持", "location": {"top": 39, "left": 79, "width": 99, "height": 34}}], "words_result_num": 1, "log_id": 1776913929828838610}