{"words_result": [{"probability": {"average": 0.9899287224, "min": 0.9798690677, "variance": 0.0001011960558}, "words": "同意", "location": {"top": 38, "left": 309, "width": 57, "height": 30}}], "words_result_num": 1, "log_id": 1788956036728541282}