{"words_result": [{"probability": {"average": 0.9216150045, "min": 0.8433628678, "variance": 0.00612340169}, "words": "Ê×í“", "location": {"top": 113, "left": 41, "width": 64, "height": 34}}], "words_result_num": 1, "log_id": 1776891709245913100}