{"words_result": [{"probability": {"average": 0.9944970012, "min": 0.9679319263, "variance": 0.0001411941339}, "words": "同步历史会议", "location": {"top": 54, "left": 42, "width": 283, "height": 44}}, {"probability": {"average": 0.602866292, "min": 0.602866292, "variance": 0}, "words": "O", "location": {"top": 39, "left": 960, "width": 131, "height": 74}}], "words_result_num": 2, "log_id": 1776915394193468968}