{"words_result": [{"probability": {"average": 0.9995874166, "min": 0.9993801117, "variance": 4.298770051e-08}, "words": "朋友", "location": {"top": 15, "left": 12, "width": 107, "height": 57}}], "words_result_num": 1, "log_id": 1789520584004323065}