{"words_result": [{"probability": {"average": 0.9992092252, "min": 0.9983229041, "variance": 5.279468951e-07}, "words": "开启等候室", "location": {"top": 48, "left": 38, "width": 239, "height": 47}}], "words_result_num": 1, "log_id": 1776912226740570668}