{"words_result": [{"probability": {"average": 0.99985075, "min": 0.9998098016, "variance": 1.679213213e-09}, "words": "取消", "location": {"top": 45, "left": 417, "width": 109, "height": 55}}], "words_result_num": 1, "log_id": 1776917265860476364}