{"words_result": [{"probability": {"average": 0.9991889596, "min": 0.9962769151, "variance": 1.745897293e-06}, "words": "12ÔÂ20ÈÕ", "location": {"top": 16, "left": 15, "width": 135, "height": 32}}], "words_result_num": 1, "log_id": 1789037030447011560}