{"words_result": [{"probability": {"average": 0.9998619556, "min": 0.9995192289, "variance": 3.949919147e-08}, "words": "立即试用", "location": {"top": 31, "left": 57, "width": 111, "height": 28}}], "words_result_num": 1, "log_id": 1789551348402365967}