{"words_result": [{"probability": {"average": 0.9976468086, "min": 0.9975180626, "variance": 1.656786885e-08}, "words": "领取", "location": {"top": 21, "left": 29, "width": 44, "height": 23}}], "words_result_num": 1, "log_id": 1789038381897328950}