{"words_result": [{"probability": {"average": 0.9997729063, "min": 0.999450624, "variance": 5.21675716e-08}, "words": "≤È—Ø≥°¥Œ", "location": {"top": 39, "left": 387, "width": 194, "height": 47}}], "words_result_num": 1, "log_id": 1776680158480887989}