{"words_result": [{"probability": {"average": 0.4735906124, "min": 0.4735906124, "variance": 0}, "words": "D", "location": {"top": 39, "left": 57, "width": 47, "height": 41}}, {"probability": {"average": 0.9358841181, "min": 0.8720668554, "variance": 0.00407264661}, "words": "首頁", "location": {"top": 117, "left": 48, "width": 64, "height": 34}}], "words_result_num": 2, "log_id": 1776889505893062204}