{"words_result": [{"probability": {"average": 0.9992724061, "min": 0.9973384738, "variance": 1.249633215e-06}, "words": "»¥¶¯ÏûÏ¢", "location": {"top": 15, "left": 13, "width": 127, "height": 32}}], "words_result_num": 1, "log_id": 1789520901833128225}