{"words_result": [{"probability": {"average": 0.9998650551, "min": 0.9993314743, "variance": 5.759385147e-08}, "words": "去购物车结算", "location": {"top": 32, "left": 94, "width": 168, "height": 27}}], "words_result_num": 1, "log_id": 1789169795007558614}