{"words_result": [{"probability": {"average": 0.999994278, "min": 0.9999938011, "variance": 2.273736754e-13}, "words": "ÎÒµÄ", "location": {"top": 66, "left": 20, "width": 39, "height": 21}}], "words_result_num": 1, "log_id": 1789183205866343978}