{"words_result": [{"probability": {"average": 0.9999952912, "min": 0.9999915361, "variance": 1.114486281e-11}, "words": "常规会议", "location": {"top": 122, "left": 79, "width": 192, "height": 47}}], "words_result_num": 1, "log_id": 1776912065394215464}