{"words_result": [{"probability": {"average": 0.9997615814, "min": 0.9992249012, "variance": 9.93721585e-08}, "words": "确定授权", "location": {"top": 32, "left": 279, "width": 162, "height": 40}}], "words_result_num": 1, "log_id": 1789180635431900226}