{"words_result": [{"probability": {"average": 0.7237106562, "min": 0.1993446499, "variance": 0.09151268005}, "words": "鲜生・最快]6分功达", "location": {"top": 14, "left": 15, "width": 213, "height": 23}}], "words_result_num": 1, "log_id": 1789169662926645358}