{"words_result": [{"probability": {"average": 0.8148341775, "min": 0.8148341775, "variance": 0}, "words": "三", "location": {"top": 9, "left": 22, "width": 43, "height": 48}}, {"probability": {"average": 0.9871878624, "min": 0.9758362174, "variance": 0.0001288605272}, "words": "目錄", "location": {"top": 65, "left": 23, "width": 47, "height": 26}}], "words_result_num": 2, "log_id": 1776896062631909318}