{"words_result": [{"probability": {"average": 0.9982421994, "min": 0.9930222631, "variance": 7.273077244e-06}, "words": "加入购物车", "location": {"top": 7, "left": 0, "width": 188, "height": 39}}], "words_result_num": 1, "log_id": 1789172781410777338}