{"words_result": [{"probability": {"average": 0.9999890327, "min": 0.9999814034, "variance": 5.820766091e-11}, "words": "确定", "location": {"top": 28, "left": 296, "width": 76, "height": 39}}], "words_result_num": 1, "log_id": 1776653898548527538}