{"words_result": [{"probability": {"average": 0.9886059165, "min": 0.8684889674, "variance": 0.001311923028}, "words": "华润苏果（中山北路购物广", "location": {"top": 72, "left": 345, "width": 550, "height": 47}}, {"probability": {"average": 0.8944429159, "min": 0.505551219, "variance": 0.02257705107}, "words": "☆★☆★1人均￥115.0", "location": {"top": 146, "left": 346, "width": 394, "height": 38}}, {"probability": {"average": 0.9925673008, "min": 0.9455966353, "variance": 0.0003155709419}, "words": "新城市/虹桥中心", "location": {"top": 215, "left": 345, "width": 285, "height": 32}}, {"probability": {"average": 0.9901855588, "min": 0.9465681314, "variance": 0.0003821735736}, "words": "超市/便利店", "location": {"top": 215, "left": 628, "width": 183, "height": 32}}], "words_result_num": 4, "log_id": 1789039273182924816}