{"words_result": [{"probability": {"average": 0.9897881746, "min": 0.8831185699, "variance": 0.0008353112498}, "words": "他人赠送（购买账号与绑定账号不一致）", "location": {"top": 15, "left": 11, "width": 529, "height": 32}}], "words_result_num": 1, "log_id": 1789180340722807152}