{"words_result": [{"probability": {"average": 0.9996010065, "min": 0.9994239807, "variance": 3.134868365e-08}, "words": "完成", "location": {"top": 14, "left": 33, "width": 99, "height": 50}}], "words_result_num": 1, "log_id": 1776912331555570329}