{"words_result": [{"probability": {"average": 0.9605497718, "min": 0.8425584435, "variance": 0.004640659783}, "words": "ÎÞ·þÎñÁî", "location": {"top": 5, "left": 11, "width": 113, "height": 28}}, {"probability": {"average": 0.9943218231, "min": 0.9716647267, "variance": 0.0001283359452}, "words": "23:25", "location": {"top": 6, "left": 343, "width": 70, "height": 25}}, {"probability": {"average": 0.8490021825, "min": 0.561604917, "variance": 0.02837104537}, "words": 