{"words_result": [{"probability": {"average": 0.9992568493, "min": 0.9986447692, "variance": 3.746785069e-07}, "words": "允许", "location": {"top": 9, "left": 29, "width": 69, "height": 36}}], "words_result_num": 1, "log_id": 1789059568639230438}