{"words_result": [{"probability": {"average": 0.9933259487, "min": 0.9700323343, "variance": 0.000116951247}, "words": "–Ò—Û ÷π§—Œ¬±¿œ∂π∏Ø400g", "location": {"top": 10, "left": 2, "width": 339, "height": 31}}], "words_result_num": 1, "log_id": 1789173194380625024}