{"words_result": [{"probability": {"average": 0.9999405146, "min": 0.9998888969, "variance": 1.237104641e-09}, "words": "客服小蜜", "location": {"top": 108, "left": 10, "width": 119, "height": 33}}], "words_result_num": 1, "log_id": 1789180643098494558}