{"words_result": [{"probability": {"average": 0.9861035347, "min": 0.9551666975, "variance": 0.000328428403}, "words": "我回来了", "location": {"top": 54, "left": 141, "width": 183, "height": 46}}], "words_result_num": 1, "log_id": 1776910374458151774}