{"words_result": [{"probability": {"average": 0.9986075163, "min": 0.9953724742, "variance": 3.628204013e-06}, "words": "阿尔照片", "location": {"top": 72, "left": 14, "width": 79, "height": 21}}], "words_result_num": 1, "log_id": 1789546077183430688}