{"words_result": [{"probability": {"average": 0.9993518591, "min": 0.9984717965, "variance": 4.223375072e-07}, "words": "°ü×ÓÂøÍ·", "location": {"top": 20, "left": 24, "width": 139, "height": 37}}], "words_result_num": 1, "log_id": 1789169258408479124}