{"words_result": [{"probability": {"average": 0.9996367693, "min": 0.9992060065, "variance": 7.089059295e-08}, "words": "￥160", "location": {"top": 11, "left": 11, "width": 96, "height": 39}}], "words_result_num": 1, "log_id": 1789037179307915015}