{"words_result": [{"probability": {"average": 0.9994617701, "min": 0.9985535741, "variance": 3.410018792e-07}, "words": "¹ûÊßÏÊ»¨", "location": {"top": 123, "left": 7, "width": 96, "height": 25}}], "words_result_num": 1, "log_id": 1789169543838794537}