{"words_result": [{"probability": {"average": 0.9933712482, "min": 0.9415609837, "variance": 0.0002614806581}, "words": "先声再康药店（洪武路店）", "location": {"top": 21, "left": 234, "width": 356, "height": 33}}, {"probability": {"average": 0.9956209064, "min": 0.9704118967, "variance": 0.0001060187496}, "words": "新街口地区药店", "location": {"top": 79, "left": 233, "width": 199, "height": 27}}], "words_result_num": 2, "log_id": 1789039389138758676}