{"words_result": [{"probability": {"average": 0.9999085069, "min": 0.9998400211, "variance": 4.690296151e-09}, "words": "№ЬАн", "location": {"top": 17, "left": 16, "width": 63, "height": 34}}], "words_result_num": 1, "log_id": 1789169830175826908}