{"words_result": [{"probability": {"average": 0.9419107437, "min": 0.7695744038, "variance": 0.009900510311}, "words": "AI照片", "location": {"top": 85, "left": 20, "width": 108, "height": 40}}], "words_result_num": 1, "log_id": 1789550115390772546}