{"words_result": [{"probability": {"average": 0.9984559417, "min": 0.9948857427, "variance": 4.304577487e-06}, "words": "立即预约", "location": {"top": 41, "left": 402, "width": 171, "height": 40}}], "words_result_num": 1, "log_id": 1789066190660078414}