{"words_result": [{"probability": {"average": 0.9996852875, "min": 0.9983254075, "variance": 1.883476131e-07}, "words": "广州路餐厅83241985", "location": {"top": 10, "left": 4, "width": 372, "height": 36}}], "words_result_num": 1, "log_id": 1776883571736229037}