{"words_result": [{"probability": {"average": 0.9794529676, "min": 0.9179412723, "variance": 0.001261229045}, "words": "ÎÞ·þÎñÁî", "location": {"top": 5, "left": 12, "width": 111, "height": 27}}, {"probability": {"average": 0.9942563176, "min": 0.9733028412, "variance": 0.0001100101144}, "words": "23:19", "location": {"top": 8, "left": 344, "width": 64, "height": 20}}, {"probability": {"average": 0.9010343552, "min": 0.9010343552, "variance": 0}, "words": "@", "location": {"top": 8, "left": 577, "width": 36, "height": 21}}, {"probability": {"average": 0.6903171539, "min": 0.309504658, "variance": 0.09795820713}, "words": 