{"words_result": [{"probability": {"average": 0.7658620477, "min": 0.3845907152, "variance": 0.05199733377}, "words": "鲜生・最快3分功达", "location": {"top": 21, "left": 19, "width": 285, "height": 31}}], "words_result_num": 1, "log_id": 1789169292525710353}