{"words_result": [{"probability": {"average": 0.9995422959, "min": 0.9983090162, "variance": 5.091520165e-07}, "words": "人气优先", "location": {"top": 8, "left": 12, "width": 114, "height": 32}}], "words_result_num": 1, "log_id": 1789064731585533861}