{"words_result": [{"probability": {"average": 0.9998075366, "min": 0.9996192455, "variance": 3.545352811e-08}, "words": "同意", "location": {"top": 35, "left": 119, "width": 88, "height": 47}}], "words_result_num": 1, "log_id": 1789067228831713380}