{"words_result": [{"probability": {"average": 0.9754090905, "min": 0.9017946124, "variance": 0.001806367189}, "words": "ÎÞ·þÎñÁî", "location": {"top": 5, "left": 11, "width": 113, "height": 26}}, {"probability": {"average": 0.9802130461, "min": 0.9050990939, "variance": 0.001410864759}, "words": "01:03", "location": {"top": 6, "left": 343, "width": 67, "height": 25}}, {"probability": {"average": 0.4970991015, "min": 0.4970991015, "variance": 0}, "words": "@", "location": {"top": 8, "left": 592, "width": 22, "height": 20}}, {"probability": {"average": 0.9045286179, "min": 0.6187254786, "variance": 0.02722781152}, "words": 