{"words_result": [{"probability": {"average": 0.9844205379, "min": 0.9378095269, "variance": 0.000724196434}, "words": "ÎÞ·þÎñÁî", "location": {"top": 5, "left": 11, "width": 113, "height": 26}}, {"probability": {"average": 0.9796625972, "min": 0.8995398879, "variance": 0.001604942605}, "words": "00:31", "location": {"top": 6, "left": 344, "width": 66, "height": 25}}, {"probability": {"average": 0.9282929301, "min": 0.7996031046, "variance": 0.007786850445}, "words": 