{"words_result": [{"probability": {"average": 0.9999166131, "min": 0.9999121428, "variance": 1.998401444e-11}, "words": "朋友", "location": {"top": 19, "left": 26, "width": 102, "height": 54}}], "words_result_num": 1, "log_id": 1789539978013890515}