{"words_result": [{"probability": {"average": 0.998159647, "min": 0.9939238429, "variance": 6.139130164e-06}, "words": "ÐÂÆ·Œ£…^", "location": {"top": 66, "left": 22, "width": 178, "height": 45}}, {"probability": {"average": 0.3126113713, "min": 0.3126113713, "variance": 0}, "words": "ÈË", "location": {"top": 72, "left": 971, "width": 51, "height": 40}}], "words_result_num": 2, "log_id": 1776889335621526945}