{"words_result": [{"probability": {"average": 0.9977219105, "min": 0.991117239, "variance": 1.454615631e-05}, "words": "提交订单", "location": {"top": 6, "left": 0, "width": 159, "height": 45}}], "words_result_num": 1, "log_id": 1789035489202909928}