{"words_result": [{"probability": {"average": 0.933863759, "min": 0.8678203225, "variance": 0.004361739382}, "words": "删除", "location": {"top": 31, "left": 97, "width": 65, "height": 33}}], "words_result_num": 1, "log_id": 1789178773732059727}