{"words_result": [{"probability": {"average": 0.9915947318, "min": 0.9346434474, "variance": 0.0004634022189}, "words": "500ml*2瓶", "location": {"top": 34, "left": 48, "width": 193, "height": 39}}], "words_result_num": 1, "log_id": 1776881405114060852}