{"words_result": [{"probability": {"average": 0.9999866486, "min": 0.9999856949, "variance": 9.094947018e-13}, "words": "通知", "location": {"top": 11, "left": 10, "width": 73, "height": 37}}], "words_result_num": 1, "log_id": 1789521857826705263}