{"words_result": [{"probability": {"average": 0.9996286631, "min": 0.999352634, "variance": 7.620852216e-08}, "words": "完成", "location": {"top": 18, "left": 30, "width": 95, "height": 50}}], "words_result_num": 1, "log_id": 1776912339974766531}