{"words_result": [{"probability": {"average": 0.9995517135, "min": 0.998632133, "variance": 2.889199777e-07}, "words": "查看列表", "location": {"top": 12, "left": 18, "width": 194, "height": 52}}], "words_result_num": 1, "log_id": 1776909037835311436}