{"words_result": [{"probability": {"average": 0.9998425841, "min": 0.9994106293, "variance": 6.238406769e-08}, "words": "继续删除", "location": {"top": 36, "left": 90, "width": 192, "height": 49}}], "words_result_num": 1, "log_id": 1776677066679104361}