{"words_result": [{"probability": {"average": 0.9999157786, "min": 0.9997211099, "variance": 1.269856309e-08}, "words": "尽快送达", "location": {"top": 40, "left": 171, "width": 164, "height": 40}}, {"probability": {"average": 0.9999117255, "min": 0.999591887, "variance": 2.070154892e-08}, "words": "立即配送餐品", "location": {"top": 106, "left": 169, "width": 211, "height": 33}}], "words_result_num": 2, "log_id": 1772961654750100411}