{"words_result": [{"probability": {"average": 0.9466603398, "min": 0.8402486444, "variance": 0.005661726464}, "words": "“— ’≤ÿ", "location": {"top": 61, "left": 13, "width": 66, "height": 23}}], "words_result_num": 1, "log_id": 1789171426971696605}