{"words_result": [{"probability": {"average": 0.995798707, "min": 0.9920142293, "variance": 1.432227145e-05}, "words": "关于", "location": {"top": 9, "left": 10, "width": 58, "height": 32}}], "words_result_num": 1, "log_id": 1776905352235457676}